http://dbpedia.org/resource/Spring_Glen,_Utah	Spring_Glen,_Utah
http://dbpedia.org/resource/Elektrit	Elektrit
http://dbpedia.org/resource/Beaumarchais_(film)	Beaumarchais_(film)
http://dbpedia.org/resource/José_Antonio_Álvarez_Condarco	José_Antonio_Álvarez_Condarco
http://dbpedia.org/resource/Louis_Philippe_I	Louis_Philippe_I
http://dbpedia.org/resource/Dan_Van_Dyk	Dan_Van_Dyk
http://dbpedia.org/resource/Andreas_Franz_Wilhelm_Schimper	Andreas_Franz_Wilhelm_Schimper
http://dbpedia.org/resource/Prince_Pedro_Henrique_of_Orléans-Braganza	Prince_Pedro_Henrique_of_Orléans-Braganza
http://dbpedia.org/resource/Donna_Mills	Donna_Mills
http://dbpedia.org/resource/Peter_Boyle	Peter_Boyle
http://dbpedia.org/resource/Ian_Hirst	Ian_Hirst
http://dbpedia.org/resource/Miguel_Gustavo_Peirano	Miguel_Gustavo_Peirano
http://dbpedia.org/resource/Robyn_van_Nus	Robyn_van_Nus
http://dbpedia.org/resource/Jakovo	Jakovo
http://dbpedia.org/resource/Taina_Elg	Taina_Elg
http://dbpedia.org/resource/Ivan_Cvjetković	Ivan_Cvjetković
http://dbpedia.org/resource/Goran_Rušinović	Goran_Rušinović
http://dbpedia.org/resource/Case_Western_Reserve_University	Case_Western_Reserve_University
http://dbpedia.org/resource/University_of_Utah_Middle_East_Center	University_of_Utah_Middle_East_Center
http://dbpedia.org/resource/Methana_Volcano	Methana_Volcano
http://dbpedia.org/resource/Frank_Kellert	Frank_Kellert
http://dbpedia.org/resource/Bistrica_(Lazarevac)	Bistrica_(Lazarevac)
http://dbpedia.org/resource/Khari_Stephenson	Khari_Stephenson
http://dbpedia.org/resource/Powder_House_Square	Powder_House_Square
http://dbpedia.org/resource/John_Falvey	John_Falvey
http://dbpedia.org/resource/Slavoj_Žižek	Slavoj_Žižek
http://dbpedia.org/resource/Jung_Myung-oh	Jung_Myung-oh
http://dbpedia.org/resource/Grove_City,_Pennsylvania	Grove_City,_Pennsylvania
http://dbpedia.org/resource/Dzbańce-Osiedle	Dzbańce-Osiedle
http://dbpedia.org/resource/Jorge_Hourton	Jorge_Hourton
http://dbpedia.org/resource/Bruff	Bruff
http://dbpedia.org/resource/Projector_PSA	Projector_PSA
http://dbpedia.org/resource/Arlene_Dahl	Arlene_Dahl
http://dbpedia.org/resource/Aleksandar_Deroko	Aleksandar_Deroko
http://dbpedia.org/resource/Estaràs	Estaràs
http://dbpedia.org/resource/Gustave_de_Molinari	Gustave_de_Molinari
http://dbpedia.org/resource/René_Hüssy	René_Hüssy
http://dbpedia.org/resource/Tres_Isletas	Tres_Isletas
http://dbpedia.org/resource/Enver_Alivodić	Enver_Alivodić
http://dbpedia.org/resource/Packy_McGarty	Packy_McGarty
http://dbpedia.org/resource/Alice_Dunbar_Nelson	Alice_Dunbar_Nelson
http://dbpedia.org/resource/Budimir_Jolović	Budimir_Jolović
http://dbpedia.org/resource/Barre_(city),_Vermont	Barre_(city),_Vermont
http://dbpedia.org/resource/Stewart_Nozette	Stewart_Nozette
http://dbpedia.org/resource/Edson_dos_Santos_Reis	Edson_dos_Santos_Reis
http://dbpedia.org/resource/Laura_Vernon_Hamner	Laura_Vernon_Hamner
http://dbpedia.org/resource/Colorado_College	Colorado_College
http://dbpedia.org/resource/Montgomery,_Indiana	Montgomery,_Indiana
http://dbpedia.org/resource/Battle_of_Kloster_Kampen	Battle_of_Kloster_Kampen
http://dbpedia.org/resource/Matanzas	Matanzas
http://dbpedia.org/resource/Dinis_Gregório_de_Melo_Castro_e_Mendonça	Dinis_Gregório_de_Melo_Castro_e_Mendonça
http://dbpedia.org/resource/Slaven_Kovačević	Slaven_Kovačević
http://dbpedia.org/resource/Little_Rock_Confederate_Memorial	Little_Rock_Confederate_Memorial
http://dbpedia.org/resource/John_Wesley_(guitarist)	John_Wesley_(guitarist)
http://dbpedia.org/resource/Zohaib_Hassan	Zohaib_Hassan
http://dbpedia.org/resource/Miodrag_Martać	Miodrag_Martać
http://dbpedia.org/resource/Isabella_of_France	Isabella_of_France
http://dbpedia.org/resource/Puerto_Montt	Puerto_Montt
http://dbpedia.org/resource/Angelo_Coia	Angelo_Coia
http://dbpedia.org/resource/Óscar_Alcides_Mena	Óscar_Alcides_Mena
http://dbpedia.org/resource/Admir_Smajić	Admir_Smajić
http://dbpedia.org/resource/Charles_IV,_Holy_Roman_Emperor	Charles_IV,_Holy_Roman_Emperor
http://dbpedia.org/resource/Chesterton,_Indiana	Chesterton,_Indiana
http://dbpedia.org/resource/House_at_60_William_Street	House_at_60_William_Street
http://dbpedia.org/resource/Xavier_Zubiri	Xavier_Zubiri
http://dbpedia.org/resource/Adad_Banda	Adad_Banda
http://dbpedia.org/resource/Błażejowice,_Brzeg_County	Błażejowice,_Brzeg_County
http://dbpedia.org/resource/Benin_City	Benin_City
http://dbpedia.org/resource/Andriy_Mikhalchuk	Andriy_Mikhalchuk
http://dbpedia.org/resource/Davos_Wolfgang_(Rhaetian_Railway_station)	Davos_Wolfgang_(Rhaetian_Railway_station)
http://dbpedia.org/resource/Joely_Fisher	Joely_Fisher
http://dbpedia.org/resource/Kobie_Coetsee	Kobie_Coetsee
http://dbpedia.org/resource/Gloucester_Shire	Gloucester_Shire
http://dbpedia.org/resource/Lucile_Browne	Lucile_Browne
http://dbpedia.org/resource/WCMX	WCMX
http://dbpedia.org/resource/Eduardo_Conget	Eduardo_Conget
http://dbpedia.org/resource/Owen_Roberts_International_Airport	Owen_Roberts_International_Airport
http://dbpedia.org/resource/Pat_Brown	Pat_Brown
http://dbpedia.org/resource/Todd_Reed	Todd_Reed
http://dbpedia.org/resource/Thinbaw	Thinbaw
http://dbpedia.org/resource/NokScoot	NokScoot
http://dbpedia.org/resource/Shim_Young-sung	Shim_Young-sung
http://dbpedia.org/resource/Florinda_Meza	Florinda_Meza
http://dbpedia.org/resource/Érika	Érika
http://dbpedia.org/resource/Sofoklis_Venizelos	Sofoklis_Venizelos
http://dbpedia.org/resource/Simon_Strübin	Simon_Strübin
http://dbpedia.org/resource/Raúl_Goni	Raúl_Goni
http://dbpedia.org/resource/University_of_Lisbon	University_of_Lisbon
http://dbpedia.org/resource/Jefferson,_Iowa	Jefferson,_Iowa
http://dbpedia.org/resource/General_Mills	General_Mills
http://dbpedia.org/resource/Francisco_Agulló_y_Cebrian	Francisco_Agulló_y_Cebrian
http://dbpedia.org/resource/Leonid_Konstantinovich_Solovyov	Leonid_Konstantinovich_Solovyov
http://dbpedia.org/resource/Anthony_Bancarel	Anthony_Bancarel
http://dbpedia.org/resource/Bangladesh	Bangladesh
http://dbpedia.org/resource/Luis_Alberto_Monzón	Luis_Alberto_Monzón
http://dbpedia.org/resource/Yu_Yeon_Kim_(curator)	Yu_Yeon_Kim_(curator)
http://dbpedia.org/resource/Pavel_Plaskonny	Pavel_Plaskonny
http://dbpedia.org/resource/Arthur_March	Arthur_March
http://dbpedia.org/resource/Haris_Jauhari	Haris_Jauhari
http://dbpedia.org/resource/Željko_Šturanović	Željko_Šturanović
http://dbpedia.org/resource/Fine_Gael	Fine_Gael
http://dbpedia.org/resource/Province_of_Massachusetts_Bay	Province_of_Massachusetts_Bay
http://dbpedia.org/resource/Manarat_International_University	Manarat_International_University
http://dbpedia.org/resource/Javier_Güémez	Javier_Güémez
http://dbpedia.org/resource/Vanne	Vanne
http://dbpedia.org/resource/Biscay	Biscay
http://dbpedia.org/resource/Duarte_Nuno,_Duke_of_Braganza	Duarte_Nuno,_Duke_of_Braganza
http://dbpedia.org/resource/Štefan_Čambal	Štefan_Čambal
http://dbpedia.org/resource/Lispole	Lispole
http://dbpedia.org/resource/Márcio_Ramos	Márcio_Ramos
http://dbpedia.org/resource/Thomas_Maitland_(British_Army_officer)	Thomas_Maitland_(British_Army_officer)
http://dbpedia.org/resource/Diakourouna	Diakourouna
http://dbpedia.org/resource/Tony_Arena	Tony_Arena
http://dbpedia.org/resource/Tatu_Mäkelä	Tatu_Mäkelä
http://dbpedia.org/resource/Santiago	Santiago
http://dbpedia.org/resource/Dzmitry_Chaley	Dzmitry_Chaley
http://dbpedia.org/resource/George_Veazey_Strong	George_Veazey_Strong
http://dbpedia.org/resource/Mart_Laar	Mart_Laar
http://dbpedia.org/resource/János_Ziegler	János_Ziegler
http://dbpedia.org/resource/2011_CME_Group_Titleholders	2011_CME_Group_Titleholders
http://dbpedia.org/resource/Battle_of_Lesnaya	Battle_of_Lesnaya
http://dbpedia.org/resource/Jeremy_Rose	Jeremy_Rose
http://dbpedia.org/resource/Trutnov	Trutnov
http://dbpedia.org/resource/Fernando_González_(writer)	Fernando_González_(writer)
http://dbpedia.org/resource/Seongnam	Seongnam
http://dbpedia.org/resource/Robin_Williams	Robin_Williams
http://dbpedia.org/resource/Guatemala_Department	Guatemala_Department
http://dbpedia.org/resource/Jean_Favier	Jean_Favier
http://dbpedia.org/resource/Andriy_Poroshyn	Andriy_Poroshyn
http://dbpedia.org/resource/István_Szabó	István_Szabó
http://dbpedia.org/resource/Christiano_François	Christiano_François
http://dbpedia.org/resource/Yongdu-dong	Yongdu-dong
http://dbpedia.org/resource/Jaime_Ramos_Hernández	Jaime_Ramos_Hernández
http://dbpedia.org/resource/Kateřina_Němcová	Kateřina_Němcová
http://dbpedia.org/resource/Reni,_Ukraine	Reni,_Ukraine
http://dbpedia.org/resource/Gornja_Orovica	Gornja_Orovica
http://dbpedia.org/resource/Friesener_Warte	Friesener_Warte
http://dbpedia.org/resource/Kata,_Estonia	Kata,_Estonia
http://dbpedia.org/resource/Mitsuteru_Kudo	Mitsuteru_Kudo
http://dbpedia.org/resource/Lombard_Building	Lombard_Building
http://dbpedia.org/resource/Plounévézel	Plounévézel
http://dbpedia.org/resource/Nikola_Stevanović	Nikola_Stevanović
http://dbpedia.org/resource/Luis_Alejo	Luis_Alejo
http://dbpedia.org/resource/Yuto_Suzuki	Yuto_Suzuki
http://dbpedia.org/resource/Tona,_Spain	Tona,_Spain
http://dbpedia.org/resource/Fahad_Khalfan	Fahad_Khalfan
http://dbpedia.org/resource/Conchas_Dam,_New_Mexico	Conchas_Dam,_New_Mexico
http://dbpedia.org/resource/HC_Oceláři_Třinec	HC_Oceláři_Třinec
http://dbpedia.org/resource/Presbyterian_Iglesia_Nicea	Presbyterian_Iglesia_Nicea
http://dbpedia.org/resource/Ron_McLean	Ron_McLean
http://dbpedia.org/resource/Don_DeLillo	Don_DeLillo
http://dbpedia.org/resource/Ernie_Martin	Ernie_Martin
http://dbpedia.org/resource/Jorge_Carrascosa	Jorge_Carrascosa
http://dbpedia.org/resource/Walter_Minhoca	Walter_Minhoca
http://dbpedia.org/resource/Ernst_Abbe	Ernst_Abbe
http://dbpedia.org/resource/Steven_O'Dor	Steven_O'Dor
http://dbpedia.org/resource/Panthéon-Assas_University	Panthéon-Assas_University
http://dbpedia.org/resource/Colorado_Springs,_Colorado	Colorado_Springs,_Colorado
http://dbpedia.org/resource/Lafourche_Parish,_Louisiana	Lafourche_Parish,_Louisiana
http://dbpedia.org/resource/Norris_Production_Solutions	Norris_Production_Solutions
http://dbpedia.org/resource/Alcantarilla	Alcantarilla
http://dbpedia.org/resource/Vera_King_Farris	Vera_King_Farris
http://dbpedia.org/resource/Beaujolais	Beaujolais
http://dbpedia.org/resource/Gnowangerup,_Western_Australia	Gnowangerup,_Western_Australia
http://dbpedia.org/resource/Cosme_Saavedra	Cosme_Saavedra
http://dbpedia.org/resource/Gongju	Gongju
http://dbpedia.org/resource/Poliesportiu_d'Andorra	Poliesportiu_d'Andorra
http://dbpedia.org/resource/P._H._D._Waidyatilleka	P._H._D._Waidyatilleka
http://dbpedia.org/resource/Orduña-Urduña	Orduña-Urduña
http://dbpedia.org/resource/Nelly_Mazloum	Nelly_Mazloum
http://dbpedia.org/resource/Wei-Shou_Hu	Wei-Shou_Hu
http://dbpedia.org/resource/Litocar	Litocar
http://dbpedia.org/resource/Elizabeth_of_Luxembourg	Elizabeth_of_Luxembourg
http://dbpedia.org/resource/Taunton,_Massachusetts	Taunton,_Massachusetts
http://dbpedia.org/resource/Gabriel_Amato	Gabriel_Amato
http://dbpedia.org/resource/Wilcze,_Kuyavian-Pomeranian_Voivodeship	Wilcze,_Kuyavian-Pomeranian_Voivodeship
http://dbpedia.org/resource/Tim_Dowling	Tim_Dowling
http://dbpedia.org/resource/Warsaw_Pact_invasion_of_Czechoslovakia	Warsaw_Pact_invasion_of_Czechoslovakia
http://dbpedia.org/resource/Bellefonte,_Pennsylvania	Bellefonte,_Pennsylvania
http://dbpedia.org/resource/LeRoy_E._Cain	LeRoy_E._Cain
http://dbpedia.org/resource/Zurita,_Cantabria	Zurita,_Cantabria
http://dbpedia.org/resource/Francis_T._Ryan	Francis_T._Ryan
http://dbpedia.org/resource/Smith-Thaxter-Merrifield_House	Smith-Thaxter-Merrifield_House
http://dbpedia.org/resource/Les_Liaisons_dangereuses_(film)	Les_Liaisons_dangereuses_(film)
http://dbpedia.org/resource/Bernie_Johnston	Bernie_Johnston
http://dbpedia.org/resource/Baptiste_Reynet	Baptiste_Reynet
http://dbpedia.org/resource/Sohn_Kee-chung	Sohn_Kee-chung
http://dbpedia.org/resource/David_S._Mann	David_S._Mann
http://dbpedia.org/resource/Carlisle,_Pennsylvania	Carlisle,_Pennsylvania
http://dbpedia.org/resource/Abedi_Pele	Abedi_Pele
http://dbpedia.org/resource/Hampton,_Pennsylvania	Hampton,_Pennsylvania
http://dbpedia.org/resource/Tom_Bailey_(American_football)	Tom_Bailey_(American_football)
http://dbpedia.org/resource/FC_Olimpik_Donetsk	FC_Olimpik_Donetsk
http://dbpedia.org/resource/James_Robertson_Nowlin	James_Robertson_Nowlin
http://dbpedia.org/resource/Diankabou	Diankabou
http://dbpedia.org/resource/Ludwig_von_Mises	Ludwig_von_Mises
http://dbpedia.org/resource/Martin_Senore	Martin_Senore
http://dbpedia.org/resource/Rodrigo_Moya	Rodrigo_Moya
http://dbpedia.org/resource/Legal_Sea_Foods	Legal_Sea_Foods
http://dbpedia.org/resource/Antonis_Petropoulos	Antonis_Petropoulos
http://dbpedia.org/resource/Alfred_Werner	Alfred_Werner
http://dbpedia.org/resource/Léon_Bel	Léon_Bel
http://dbpedia.org/resource/Michel_Piccoli	Michel_Piccoli
http://dbpedia.org/resource/MRSM_Taiping	MRSM_Taiping
http://dbpedia.org/resource/Aapajärvi	Aapajärvi
http://dbpedia.org/resource/Escadrille_SPA.48	Escadrille_SPA.48
http://dbpedia.org/resource/BC_Tsmoki-Minsk	BC_Tsmoki-Minsk
http://dbpedia.org/resource/Laupa	Laupa
http://dbpedia.org/resource/Rajko_Mitić	Rajko_Mitić
http://dbpedia.org/resource/Victor_Channing_Sanborn	Victor_Channing_Sanborn
http://dbpedia.org/resource/Joseph_E._Muller	Joseph_E._Muller
http://dbpedia.org/resource/Crow_Village,_Alaska	Crow_Village,_Alaska
http://dbpedia.org/resource/Sašo_Udovič	Sašo_Udovič
http://dbpedia.org/resource/Reid_Schmitt	Reid_Schmitt
http://dbpedia.org/resource/Lakhsas	Lakhsas
http://dbpedia.org/resource/Rafael_Gaúcho	Rafael_Gaúcho
http://dbpedia.org/resource/Alberto_Gavaldá	Alberto_Gavaldá
http://dbpedia.org/resource/Curtis_Weathers	Curtis_Weathers
http://dbpedia.org/resource/Jane_W._Robinson	Jane_W._Robinson
http://dbpedia.org/resource/Pichit_Ketsro	Pichit_Ketsro
http://dbpedia.org/resource/Tengku_Razaleigh_Hamzah	Tengku_Razaleigh_Hamzah
http://dbpedia.org/resource/The_Wide_Blue_Road	The_Wide_Blue_Road
http://dbpedia.org/resource/Péter_Medgyessy	Péter_Medgyessy
http://dbpedia.org/resource/Óscar_Antonio_Ulloa	Óscar_Antonio_Ulloa
http://dbpedia.org/resource/Evanston,_Illinois	Evanston,_Illinois
http://dbpedia.org/resource/Naples,_Florida	Naples,_Florida
http://dbpedia.org/resource/Clancy,_Montana	Clancy,_Montana
http://dbpedia.org/resource/Pereira,_Colombia	Pereira,_Colombia
http://dbpedia.org/resource/Swiss_Meteorological_Society	Swiss_Meteorological_Society
http://dbpedia.org/resource/Milan_Jokić	Milan_Jokić
http://dbpedia.org/resource/Sendići	Sendići
http://dbpedia.org/resource/Chahir_Belghazouani	Chahir_Belghazouani
http://dbpedia.org/resource/Francisco_Bulnes_Sanfuentes	Francisco_Bulnes_Sanfuentes
http://dbpedia.org/resource/Rodrigo_Archubi	Rodrigo_Archubi
http://dbpedia.org/resource/Ait_Majden	Ait_Majden
http://dbpedia.org/resource/Harold_Bradley	Harold_Bradley
http://dbpedia.org/resource/Hortense_de_Beauharnais	Hortense_de_Beauharnais
http://dbpedia.org/resource/Alfredas_Skroblas	Alfredas_Skroblas
http://dbpedia.org/resource/Franz_Rosenzweig	Franz_Rosenzweig
http://dbpedia.org/resource/Alain_Lambert	Alain_Lambert
http://dbpedia.org/resource/Saint-Broing-les-Moines	Saint-Broing-les-Moines
http://dbpedia.org/resource/Moldavian–Ottoman_Wars	Moldavian–Ottoman_Wars
http://dbpedia.org/resource/Balša_Božović	Balša_Božović
http://dbpedia.org/resource/Raúl_Reyes	Raúl_Reyes
http://dbpedia.org/resource/Yoakum,_Texas	Yoakum,_Texas
http://dbpedia.org/resource/ASEC_Mimosas	ASEC_Mimosas
http://dbpedia.org/resource/Sharmeen_Obaid-Chinoy	Sharmeen_Obaid-Chinoy
http://dbpedia.org/resource/Félix_Micolta	Félix_Micolta
http://dbpedia.org/resource/Arnold_Chan	Arnold_Chan
http://dbpedia.org/resource/Jordi_Hurtado	Jordi_Hurtado
http://dbpedia.org/resource/Joseph_W._Westphal	Joseph_W._Westphal
http://dbpedia.org/resource/Michael_J._Sullivan_(author)	Michael_J._Sullivan_(author)
http://dbpedia.org/resource/Oby_Onyioha	Oby_Onyioha
http://dbpedia.org/resource/Rafael_Filiberto_Bonnelly	Rafael_Filiberto_Bonnelly
http://dbpedia.org/resource/J._F._R._Jacob	J._F._R._Jacob
http://dbpedia.org/resource/World_Erotic_Art_Museum_Miami	World_Erotic_Art_Museum_Miami
http://dbpedia.org/resource/Charles_de_Gaulle	Charles_de_Gaulle
http://dbpedia.org/resource/Manado	Manado
http://dbpedia.org/resource/Adam_Hall	Adam_Hall
http://dbpedia.org/resource/José_Matías_Delgado_University	José_Matías_Delgado_University
http://dbpedia.org/resource/Bathabile_Dlamini	Bathabile_Dlamini
http://dbpedia.org/resource/Ikechukwu_Uche	Ikechukwu_Uche
http://dbpedia.org/resource/Duquesne_University	Duquesne_University
http://dbpedia.org/resource/Ražanj	Ražanj
http://dbpedia.org/resource/Guillaume_Gauclin	Guillaume_Gauclin
http://dbpedia.org/resource/Plzeň	Plzeň
http://dbpedia.org/resource/Massachusetts_Historical_Society	Massachusetts_Historical_Society
http://dbpedia.org/resource/Odeon_of_Herodes_Atticus	Odeon_of_Herodes_Atticus
http://dbpedia.org/resource/Ajaccio	Ajaccio
http://dbpedia.org/resource/Mount_Poroshiri	Mount_Poroshiri
http://dbpedia.org/resource/Božidar_Sandić	Božidar_Sandić
http://dbpedia.org/resource/Taoudi	Taoudi
http://dbpedia.org/resource/Slab_Fork	Slab_Fork
http://dbpedia.org/resource/Anne_Robert_Jacques_Turgot	Anne_Robert_Jacques_Turgot
http://dbpedia.org/resource/Roger_Pescott	Roger_Pescott
http://dbpedia.org/resource/Seán_T._O'Kelly	Seán_T._O'Kelly
http://dbpedia.org/resource/Carme_Ruscalleda	Carme_Ruscalleda
http://dbpedia.org/resource/Jadranka_Šešelj	Jadranka_Šešelj
http://dbpedia.org/resource/Victor_Ernest_Shelford	Victor_Ernest_Shelford
http://dbpedia.org/resource/Jim_Maddock	Jim_Maddock
http://dbpedia.org/resource/École_supérieure_des_sciences_commerciales_d'Angers	École_supérieure_des_sciences_commerciales_d'Angers
http://dbpedia.org/resource/Kremenchuk	Kremenchuk
http://dbpedia.org/resource/Bernard_Blier	Bernard_Blier
http://dbpedia.org/resource/Lausanne	Lausanne
http://dbpedia.org/resource/Vladimir_Petković	Vladimir_Petković
http://dbpedia.org/resource/Pablo_Sainz_Villegas	Pablo_Sainz_Villegas
http://dbpedia.org/resource/Hayward_Kidson	Hayward_Kidson
http://dbpedia.org/resource/Central_Córdoba_de_Rosario	Central_Córdoba_de_Rosario
http://dbpedia.org/resource/Dejan_Prijić	Dejan_Prijić
http://dbpedia.org/resource/Open_University_of_Catalonia	Open_University_of_Catalonia
http://dbpedia.org/resource/Marko_Vukićević	Marko_Vukićević
http://dbpedia.org/resource/Miloš_Bursać	Miloš_Bursać
http://dbpedia.org/resource/Bucknell_University	Bucknell_University
http://dbpedia.org/resource/Club_Necaxa	Club_Necaxa
http://dbpedia.org/resource/Jun_Mochizuki	Jun_Mochizuki
http://dbpedia.org/resource/2006_Dutch/Australian_Offensive	2006_Dutch/Australian_Offensive
http://dbpedia.org/resource/Pere_Riba	Pere_Riba
http://dbpedia.org/resource/El_Solitario	El_Solitario
http://dbpedia.org/resource/Ashikaga,_Tochigi	Ashikaga,_Tochigi
http://dbpedia.org/resource/Ty_LaForest	Ty_LaForest
http://dbpedia.org/resource/Knox_Grammar_School	Knox_Grammar_School
http://dbpedia.org/resource/Robert_Metzenberg	Robert_Metzenberg
http://dbpedia.org/resource/White_Elster	White_Elster
http://dbpedia.org/resource/Salahudin_Arware	Salahudin_Arware
http://dbpedia.org/resource/Jaka_Ihbeisheh	Jaka_Ihbeisheh
http://dbpedia.org/resource/Aftab_Ahmed_(photojournalist)	Aftab_Ahmed_(photojournalist)
http://dbpedia.org/resource/Livio_Nabab	Livio_Nabab
http://dbpedia.org/resource/Inpop_Records	Inpop_Records
http://dbpedia.org/resource/Mpho_Makola	Mpho_Makola
http://dbpedia.org/resource/Laguna_Verde_(volcano)	Laguna_Verde_(volcano)
http://dbpedia.org/resource/Nightengale_House	Nightengale_House
http://dbpedia.org/resource/Andrew_Lesnie	Andrew_Lesnie
http://dbpedia.org/resource/Genesis_Christian_College	Genesis_Christian_College
http://dbpedia.org/resource/Irfan_Khan_(singer)	Irfan_Khan_(singer)
http://dbpedia.org/resource/Michal_Pospíšil	Michal_Pospíšil
http://dbpedia.org/resource/L'emmerdeur	L'emmerdeur
http://dbpedia.org/resource/Hilario_Cuenú	Hilario_Cuenú
http://dbpedia.org/resource/Pablo_Ruiz_Barrero	Pablo_Ruiz_Barrero
http://dbpedia.org/resource/B._F._Skinner	B._F._Skinner
http://dbpedia.org/resource/Spodnje_Laze	Spodnje_Laze
http://dbpedia.org/resource/Anatoly_Kuznetsov	Anatoly_Kuznetsov
http://dbpedia.org/resource/John_Davis_Long	John_Davis_Long
http://dbpedia.org/resource/Alexander_Obregón	Alexander_Obregón
http://dbpedia.org/resource/Edgar_Allan_Poe	Edgar_Allan_Poe
http://dbpedia.org/resource/Franz_Seldte	Franz_Seldte
http://dbpedia.org/resource/Vladyslav_Nekhtiy	Vladyslav_Nekhtiy
http://dbpedia.org/resource/Vastseliina_Parish	Vastseliina_Parish
http://dbpedia.org/resource/Ivo_Nicolau	Ivo_Nicolau
http://dbpedia.org/resource/Benoît_Assou-Ekotto	Benoît_Assou-Ekotto
http://dbpedia.org/resource/Moussa_Sidibé	Moussa_Sidibé
http://dbpedia.org/resource/Léopold_Buffin_de_Chosal	Léopold_Buffin_de_Chosal
http://dbpedia.org/resource/Attica_(region)	Attica_(region)
http://dbpedia.org/resource/Herbert_A._Simon	Herbert_A._Simon
http://dbpedia.org/resource/Francisco_Javier_Castaño	Francisco_Javier_Castaño
http://dbpedia.org/resource/Jeff_Sheng	Jeff_Sheng
http://dbpedia.org/resource/Alhassane_Issoufou	Alhassane_Issoufou
http://dbpedia.org/resource/Joaquín_Samuel_de_Anchorena	Joaquín_Samuel_de_Anchorena
http://dbpedia.org/resource/Wijeyananda_Dahanayake	Wijeyananda_Dahanayake
http://dbpedia.org/resource/Cinaruco_River	Cinaruco_River
http://dbpedia.org/resource/Gilgit-Baltistan	Gilgit-Baltistan
http://dbpedia.org/resource/David_Lee_(physicist)	David_Lee_(physicist)
http://dbpedia.org/resource/Spišský_Štiavnik	Spišský_Štiavnik
http://dbpedia.org/resource/Vogel_(mountain)	Vogel_(mountain)
http://dbpedia.org/resource/Tori_Parish	Tori_Parish
http://dbpedia.org/resource/French_Revolutionary_Wars	French_Revolutionary_Wars
http://dbpedia.org/resource/Alan_Pauls	Alan_Pauls
http://dbpedia.org/resource/Henry_John_Hayward	Henry_John_Hayward
http://dbpedia.org/resource/José_Ortega_y_Gasset	José_Ortega_y_Gasset
http://dbpedia.org/resource/Noel_DaCosta	Noel_DaCosta
http://dbpedia.org/resource/Patrik_Berger	Patrik_Berger
http://dbpedia.org/resource/Humaira_Begum	Humaira_Begum
http://dbpedia.org/resource/Pierre_Colas	Pierre_Colas
http://dbpedia.org/resource/Donisha_Xavier	Donisha_Xavier
http://dbpedia.org/resource/Libor_Fára	Libor_Fára
http://dbpedia.org/resource/Maišiagala	Maišiagala
http://dbpedia.org/resource/Hector_Hogan	Hector_Hogan
http://dbpedia.org/resource/John_Paul_Lederach	John_Paul_Lederach
http://dbpedia.org/resource/Jacques_Kallis	Jacques_Kallis
http://dbpedia.org/resource/Andrija_Ratković	Andrija_Ratković
http://dbpedia.org/resource/Finncomm_Airlines	Finncomm_Airlines
http://dbpedia.org/resource/Melissa_F._Wells	Melissa_F._Wells
http://dbpedia.org/resource/Gayle_Wilson	Gayle_Wilson
http://dbpedia.org/resource/Daniela_Sruoga	Daniela_Sruoga
http://dbpedia.org/resource/U.S._Route_45_in_Kentucky	U.S._Route_45_in_Kentucky
http://dbpedia.org/resource/Antony_Lopez_Peralta	Antony_Lopez_Peralta
http://dbpedia.org/resource/Aarne_Honkavaara	Aarne_Honkavaara
http://dbpedia.org/resource/Muhammadu_Buhari	Muhammadu_Buhari
http://dbpedia.org/resource/Texas	Texas
http://dbpedia.org/resource/Lafayette_College	Lafayette_College
http://dbpedia.org/resource/Trinity_University_(Texas)	Trinity_University_(Texas)
http://dbpedia.org/resource/Los_Quirquinchos	Los_Quirquinchos
http://dbpedia.org/resource/Cachapoal_River	Cachapoal_River
http://dbpedia.org/resource/Thomas_Cooper_(representative)	Thomas_Cooper_(representative)
http://dbpedia.org/resource/Tomás_Antonio_Trueba	Tomás_Antonio_Trueba
http://dbpedia.org/resource/Spencer_Tracy	Spencer_Tracy
http://dbpedia.org/resource/Søren_Kierkegaard	Søren_Kierkegaard
http://dbpedia.org/resource/Harris_County,_Texas	Harris_County,_Texas
http://dbpedia.org/resource/III._Kerületi_TUE	III._Kerületi_TUE
http://dbpedia.org/resource/Longboat_Key,_Florida	Longboat_Key,_Florida
http://dbpedia.org/resource/Harvey_Keitel	Harvey_Keitel
http://dbpedia.org/resource/The_Southport_School	The_Southport_School
http://dbpedia.org/resource/HOP!	HOP!
http://dbpedia.org/resource/Federico_Pinedo	Federico_Pinedo
http://dbpedia.org/resource/University_of_Hanover	University_of_Hanover
http://dbpedia.org/resource/John_W._Gaines	John_W._Gaines
http://dbpedia.org/resource/Olivia_Nobs	Olivia_Nobs
http://dbpedia.org/resource/Damián_Malrechauffe	Damián_Malrechauffe
http://dbpedia.org/resource/Sara_Alpern	Sara_Alpern
http://dbpedia.org/resource/Saint-Mesmin,_Côte-d'Or	Saint-Mesmin,_Côte-d'Or
http://dbpedia.org/resource/Democritus	Democritus
http://dbpedia.org/resource/Matija_Čanić	Matija_Čanić
http://dbpedia.org/resource/Juan_Epitié_Dyowe	Juan_Epitié_Dyowe
http://dbpedia.org/resource/Mario_Frick_(footballer)	Mario_Frick_(footballer)
http://dbpedia.org/resource/Alojz_Gradnik	Alojz_Gradnik
http://dbpedia.org/resource/Lake_Turkana	Lake_Turkana
http://dbpedia.org/resource/Dieter_Müller	Dieter_Müller
http://dbpedia.org/resource/Pathein	Pathein
http://dbpedia.org/resource/Salva_Díez	Salva_Díez
http://dbpedia.org/resource/Bash_at_the_Beach	Bash_at_the_Beach
http://dbpedia.org/resource/Les_Munns	Les_Munns
http://dbpedia.org/resource/Yuya_Tegoshi	Yuya_Tegoshi
http://dbpedia.org/resource/Marie_de_Régnier	Marie_de_Régnier
http://dbpedia.org/resource/Dharapat	Dharapat
http://dbpedia.org/resource/Jack_Hawley	Jack_Hawley
http://dbpedia.org/resource/Bangkok	Bangkok
http://dbpedia.org/resource/Yorktown,_Philadelphia	Yorktown,_Philadelphia
http://dbpedia.org/resource/Juraj_Ančic	Juraj_Ančic
http://dbpedia.org/resource/Christine_Milne	Christine_Milne
http://dbpedia.org/resource/Lucas_Suárez	Lucas_Suárez
http://dbpedia.org/resource/Eastern_Front_(World_War_II)	Eastern_Front_(World_War_II)
http://dbpedia.org/resource/Rayo_Vallecano	Rayo_Vallecano
http://dbpedia.org/resource/Basque_Country_(greater_region)	Basque_Country_(greater_region)
http://dbpedia.org/resource/J&T	J&T
http://dbpedia.org/resource/Michael_Bethel	Michael_Bethel
http://dbpedia.org/resource/Andrew_Marshall_(soccer)	Andrew_Marshall_(soccer)
http://dbpedia.org/resource/Jean-Baptiste_Greuze	Jean-Baptiste_Greuze
http://dbpedia.org/resource/Mustafa_Bešić	Mustafa_Bešić
http://dbpedia.org/resource/Ooredoo	Ooredoo
http://dbpedia.org/resource/Dave_Lindstrom	Dave_Lindstrom
http://dbpedia.org/resource/Matt_Stieger	Matt_Stieger
http://dbpedia.org/resource/Réunion	Réunion
http://dbpedia.org/resource/Ivan_Javorčić	Ivan_Javorčić
http://dbpedia.org/resource/Gaspard-Théodore-Ignace_de_la_Fontaine	Gaspard-Théodore-Ignace_de_la_Fontaine
http://dbpedia.org/resource/Max_Hardcore	Max_Hardcore
http://dbpedia.org/resource/Tom_London	Tom_London
http://dbpedia.org/resource/Wael_Koubrousli	Wael_Koubrousli
http://dbpedia.org/resource/Basketball_Federation_of_Montenegro	Basketball_Federation_of_Montenegro
http://dbpedia.org/resource/Franklin_Pierce_University	Franklin_Pierce_University
http://dbpedia.org/resource/Presbyterian_Theological_College	Presbyterian_Theological_College
http://dbpedia.org/resource/Opobo	Opobo
http://dbpedia.org/resource/Michael_Shamberg	Michael_Shamberg
http://dbpedia.org/resource/Democratic_National_Alliance_(Bahamas)	Democratic_National_Alliance_(Bahamas)
http://dbpedia.org/resource/Rudy_Smeja	Rudy_Smeja
http://dbpedia.org/resource/Víctor_Trossero	Víctor_Trossero
http://dbpedia.org/resource/Jason_Davenport	Jason_Davenport
http://dbpedia.org/resource/Sinking_Spring,_Pennsylvania	Sinking_Spring,_Pennsylvania
http://dbpedia.org/resource/Khvosh_Margh	Khvosh_Margh
http://dbpedia.org/resource/Battle_of_Lyndanisse	Battle_of_Lyndanisse
http://dbpedia.org/resource/Zak_Normandin	Zak_Normandin
http://dbpedia.org/resource/Majid_Rafizadeh	Majid_Rafizadeh
http://dbpedia.org/resource/Edwin_Tenorio	Edwin_Tenorio
http://dbpedia.org/resource/Ralph_Waldo_Emerson	Ralph_Waldo_Emerson
http://dbpedia.org/resource/WLVB	WLVB
http://dbpedia.org/resource/Appleby,_Texas	Appleby,_Texas
http://dbpedia.org/resource/Paper_for_All	Paper_for_All
http://dbpedia.org/resource/Edwin_Meachen	Edwin_Meachen
http://dbpedia.org/resource/Peter_Dzúrik	Peter_Dzúrik
http://dbpedia.org/resource/Maria_Shriver	Maria_Shriver
http://dbpedia.org/resource/Anna_Brackett	Anna_Brackett
http://dbpedia.org/resource/Dara_Murphy	Dara_Murphy
http://dbpedia.org/resource/Joseph_Sweid	Joseph_Sweid
http://dbpedia.org/resource/Lee_Kyung-soo	Lee_Kyung-soo
http://dbpedia.org/resource/Skoraczewo,_Kuyavian-Pomeranian_Voivodeship	Skoraczewo,_Kuyavian-Pomeranian_Voivodeship
http://dbpedia.org/resource/Robert_McLachlan_(cyclist)	Robert_McLachlan_(cyclist)
http://dbpedia.org/resource/Glencoe,_Illinois	Glencoe,_Illinois
http://dbpedia.org/resource/Villamoronta	Villamoronta
http://dbpedia.org/resource/Gabriela_Ortiz_Martínez	Gabriela_Ortiz_Martínez
http://dbpedia.org/resource/Rutledge,_Pennsylvania	Rutledge,_Pennsylvania
http://dbpedia.org/resource/T._J._Cook	T._J._Cook
http://dbpedia.org/resource/Yong_Jun-hyung	Yong_Jun-hyung
http://dbpedia.org/resource/Traian_Lalescu	Traian_Lalescu
http://dbpedia.org/resource/TOT_S.C.	TOT_S.C.
http://dbpedia.org/resource/Carl_Gatto	Carl_Gatto
http://dbpedia.org/resource/Shannon_Welcome	Shannon_Welcome
http://dbpedia.org/resource/José_Luis_Garci	José_Luis_Garci
http://dbpedia.org/resource/Battle_of_Sorauren	Battle_of_Sorauren
http://dbpedia.org/resource/Kamarna	Kamarna
http://dbpedia.org/resource/Ionuț_Badea	Ionuț_Badea
http://dbpedia.org/resource/Anton_Stander	Anton_Stander
http://dbpedia.org/resource/Juan_Alfredo_Pinto_Saavedra	Juan_Alfredo_Pinto_Saavedra
http://dbpedia.org/resource/Lyman,_New_Hampshire	Lyman,_New_Hampshire
http://dbpedia.org/resource/Jema'a	Jema'a
http://dbpedia.org/resource/Jérôme_de_Bontin	Jérôme_de_Bontin
http://dbpedia.org/resource/Ariel_Mastov	Ariel_Mastov
http://dbpedia.org/resource/Ada_County,_Idaho	Ada_County,_Idaho
http://dbpedia.org/resource/Glenda_Millard	Glenda_Millard
http://dbpedia.org/resource/Club_Valencia	Club_Valencia
http://dbpedia.org/resource/FC_Oleksandriya	FC_Oleksandriya
http://dbpedia.org/resource/Jim_Riesberg	Jim_Riesberg
http://dbpedia.org/resource/Christian_Vilches	Christian_Vilches
http://dbpedia.org/resource/Graves_County,_Kentucky	Graves_County,_Kentucky
http://dbpedia.org/resource/John_de_Villiers,_1st_Baron_de_Villiers	John_de_Villiers,_1st_Baron_de_Villiers
http://dbpedia.org/resource/Dušan_Fitzel	Dušan_Fitzel
http://dbpedia.org/resource/Farooq_Rasheed	Farooq_Rasheed
http://dbpedia.org/resource/Arthur_B._Jenks	Arthur_B._Jenks
http://dbpedia.org/resource/Emanuel_De_Porras	Emanuel_De_Porras
http://dbpedia.org/resource/Georges_Canguilhem	Georges_Canguilhem
http://dbpedia.org/resource/Robert_Prytz	Robert_Prytz
http://dbpedia.org/resource/Sultan_Qaboos_University	Sultan_Qaboos_University
http://dbpedia.org/resource/Brockton,_Massachusetts	Brockton,_Massachusetts
http://dbpedia.org/resource/Son_de_Fierro	Son_de_Fierro
http://dbpedia.org/resource/Al_Khulasah	Al_Khulasah
http://dbpedia.org/resource/Klement_Gottwald	Klement_Gottwald
http://dbpedia.org/resource/Coloso_Colosetti	Coloso_Colosetti
http://dbpedia.org/resource/Interstate_19	Interstate_19
http://dbpedia.org/resource/Saint-Pierremont,_Vosges	Saint-Pierremont,_Vosges
http://dbpedia.org/resource/Dejan_Damjanović	Dejan_Damjanović
http://dbpedia.org/resource/Burns,_Oregon	Burns,_Oregon
http://dbpedia.org/resource/FC_Dinamo_Minsk	FC_Dinamo_Minsk
http://dbpedia.org/resource/Dweezil_Zappa	Dweezil_Zappa
http://dbpedia.org/resource/Ultra_Music_Festival	Ultra_Music_Festival
http://dbpedia.org/resource/Chiayi_County	Chiayi_County
http://dbpedia.org/resource/Dublin	Dublin
http://dbpedia.org/resource/Ivan_Izquierdo	Ivan_Izquierdo
http://dbpedia.org/resource/Ruan_van_Rensburg	Ruan_van_Rensburg
http://dbpedia.org/resource/Edward_Hamersley_(junior)	Edward_Hamersley_(junior)
http://dbpedia.org/resource/Medoševac_(Niš)	Medoševac_(Niš)
http://dbpedia.org/resource/Bernardo_Grinspun	Bernardo_Grinspun
http://dbpedia.org/resource/Ilan_Boccara	Ilan_Boccara
http://dbpedia.org/resource/Rémi_Fournier	Rémi_Fournier
http://dbpedia.org/resource/Ahmad_Merritt	Ahmad_Merritt
http://dbpedia.org/resource/Bilal_Duckett	Bilal_Duckett
http://dbpedia.org/resource/Hugo_Steinhaus	Hugo_Steinhaus
http://dbpedia.org/resource/Uvalde,_Texas	Uvalde,_Texas
http://dbpedia.org/resource/Lynda_Bird_Johnson_Robb	Lynda_Bird_Johnson_Robb
http://dbpedia.org/resource/Camas,_Montana	Camas,_Montana
http://dbpedia.org/resource/Aline_Brosh_McKenna	Aline_Brosh_McKenna
http://dbpedia.org/resource/Yuri_Pudyshev	Yuri_Pudyshev
http://dbpedia.org/resource/CS_Meaux_(WBC)	CS_Meaux_(WBC)
http://dbpedia.org/resource/Manchester,_New_Hampshire	Manchester,_New_Hampshire
http://dbpedia.org/resource/Yeoryia_Tsiliggiri	Yeoryia_Tsiliggiri
http://dbpedia.org/resource/Brian_Shelley	Brian_Shelley
http://dbpedia.org/resource/Warner,_New_Hampshire	Warner,_New_Hampshire
http://dbpedia.org/resource/House_at_200_West_North_Avenue	House_at_200_West_North_Avenue
http://dbpedia.org/resource/Geoff_Bloes	Geoff_Bloes
http://dbpedia.org/resource/José_Manuel_Fonseca	José_Manuel_Fonseca
http://dbpedia.org/resource/Střítež_(Třebíč_District)	Střítež_(Třebíč_District)
http://dbpedia.org/resource/Hinsdale,_Illinois	Hinsdale,_Illinois
http://dbpedia.org/resource/Lisburn	Lisburn
http://dbpedia.org/resource/Pierre_Sinibaldi	Pierre_Sinibaldi
http://dbpedia.org/resource/Domingo_Santa_María	Domingo_Santa_María
http://dbpedia.org/resource/John_Bell_(Virginia_politician)	John_Bell_(Virginia_politician)
http://dbpedia.org/resource/Osijek	Osijek
http://dbpedia.org/resource/Multnomah_County_Poor_Farm	Multnomah_County_Poor_Farm
http://dbpedia.org/resource/Luis_Fernando_Jaramillo_Correa	Luis_Fernando_Jaramillo_Correa
http://dbpedia.org/resource/Ramón_Maradiaga	Ramón_Maradiaga
http://dbpedia.org/resource/Malacky	Malacky
http://dbpedia.org/resource/Belovo,_Laško	Belovo,_Laško
http://dbpedia.org/resource/Petr_Voříšek	Petr_Voříšek
http://dbpedia.org/resource/Torreón	Torreón
http://dbpedia.org/resource/Mick_Jagger	Mick_Jagger
http://dbpedia.org/resource/Oklahoma_Baptist_University	Oklahoma_Baptist_University
http://dbpedia.org/resource/Howard_H._Aiken	Howard_H._Aiken
http://dbpedia.org/resource/Valdemorillo_de_la_Sierra	Valdemorillo_de_la_Sierra
http://dbpedia.org/resource/John_B._Penington	John_B._Penington
http://dbpedia.org/resource/Chenillé-Changé	Chenillé-Changé
http://dbpedia.org/resource/Susana_Hurtado_Vallejo	Susana_Hurtado_Vallejo
http://dbpedia.org/resource/8th_Marine_Infantry_Parachute_Regiment	8th_Marine_Infantry_Parachute_Regiment
http://dbpedia.org/resource/Michel_Ocelot	Michel_Ocelot
http://dbpedia.org/resource/Bangkok_Mass_Transit_Authority	Bangkok_Mass_Transit_Authority
http://dbpedia.org/resource/Bormujos	Bormujos
http://dbpedia.org/resource/Canardo_(rapper)	Canardo_(rapper)
http://dbpedia.org/resource/John_Cloudsley-Thompson	John_Cloudsley-Thompson
http://dbpedia.org/resource/Vitoria-Gasteiz	Vitoria-Gasteiz
http://dbpedia.org/resource/Charles_Gardner_(cricketer)	Charles_Gardner_(cricketer)
http://dbpedia.org/resource/Gove_Saulsbury	Gove_Saulsbury
http://dbpedia.org/resource/Bob_Constan	Bob_Constan
http://dbpedia.org/resource/Ratalawewa	Ratalawewa
http://dbpedia.org/resource/Tao_Lin	Tao_Lin
http://dbpedia.org/resource/African_theatre_of_World_War_I	African_theatre_of_World_War_I
http://dbpedia.org/resource/Ollie_Atkins	Ollie_Atkins
http://dbpedia.org/resource/John_Colton_(screenwriter)	John_Colton_(screenwriter)
http://dbpedia.org/resource/Keibu	Keibu
http://dbpedia.org/resource/Andreas_Loverdos	Andreas_Loverdos
http://dbpedia.org/resource/Wallangarra,_Queensland	Wallangarra,_Queensland
http://dbpedia.org/resource/Kilmer_B._Corbin	Kilmer_B._Corbin
http://dbpedia.org/resource/Inquilinos_Boricuas_en_Acción	Inquilinos_Boricuas_en_Acción
http://dbpedia.org/resource/Municipality_of_Kamnik	Municipality_of_Kamnik
http://dbpedia.org/resource/Baghlan_Province	Baghlan_Province
http://dbpedia.org/resource/Birmingham,_Alabama	Birmingham,_Alabama
http://dbpedia.org/resource/Daniel_Repacholi	Daniel_Repacholi
http://dbpedia.org/resource/Walden,_Vermont	Walden,_Vermont
http://dbpedia.org/resource/Darío_Fernández	Darío_Fernández
http://dbpedia.org/resource/Spalding_Catholic_High_School	Spalding_Catholic_High_School
http://dbpedia.org/resource/Clay_County,_Iowa	Clay_County,_Iowa
http://dbpedia.org/resource/Virovitica-Podravina_County	Virovitica-Podravina_County
http://dbpedia.org/resource/Samba_Cajú	Samba_Cajú
http://dbpedia.org/resource/Fossati's_Delicatessen	Fossati's_Delicatessen
http://dbpedia.org/resource/James_Patrick_Keleher	James_Patrick_Keleher
http://dbpedia.org/resource/Kang_Mun-bong	Kang_Mun-bong
http://dbpedia.org/resource/Kosmas_Air	Kosmas_Air
http://dbpedia.org/resource/Greenville,_Delaware	Greenville,_Delaware
http://dbpedia.org/resource/Francisco_Geraldes	Francisco_Geraldes
http://dbpedia.org/resource/Salta_Province	Salta_Province
http://dbpedia.org/resource/Dej_Loaf	Dej_Loaf
http://dbpedia.org/resource/Koila,_Viru-Nigula_Parish	Koila,_Viru-Nigula_Parish
http://dbpedia.org/resource/Durham,_North_Carolina	Durham,_North_Carolina
http://dbpedia.org/resource/Kfarfou	Kfarfou
http://dbpedia.org/resource/Fred_Schepisi	Fred_Schepisi
http://dbpedia.org/resource/Kim_Eun-sook	Kim_Eun-sook
http://dbpedia.org/resource/Republic_of_Ireland	Republic_of_Ireland
http://dbpedia.org/resource/FC_Triesen	FC_Triesen
http://dbpedia.org/resource/Eduardo_Fentanes	Eduardo_Fentanes
http://dbpedia.org/resource/Musée_Géo-Charles	Musée_Géo-Charles
http://dbpedia.org/resource/Ivan_Firer	Ivan_Firer
http://dbpedia.org/resource/Jeperjek	Jeperjek
http://dbpedia.org/resource/Volusia_County,_Florida	Volusia_County,_Florida
http://dbpedia.org/resource/Tapa,_Estonia	Tapa,_Estonia
http://dbpedia.org/resource/John_Copp	John_Copp
http://dbpedia.org/resource/Schildflue	Schildflue
http://dbpedia.org/resource/Russell_Hopton	Russell_Hopton
http://dbpedia.org/resource/Luis_Asprilla	Luis_Asprilla
http://dbpedia.org/resource/Saint-Gengoux-le-National	Saint-Gengoux-le-National
http://dbpedia.org/resource/Ivan_Glasenberg	Ivan_Glasenberg
http://dbpedia.org/resource/Pier_1_Imports	Pier_1_Imports
http://dbpedia.org/resource/Saint-Thurin	Saint-Thurin
http://dbpedia.org/resource/Willo_Flood	Willo_Flood
http://dbpedia.org/resource/Nemir_Kirdar	Nemir_Kirdar
http://dbpedia.org/resource/Apia	Apia
http://dbpedia.org/resource/Abdul_Kader_Keïta	Abdul_Kader_Keïta
http://dbpedia.org/resource/Quintana_Roo	Quintana_Roo
http://dbpedia.org/resource/Salalah	Salalah
http://dbpedia.org/resource/Dario_Šimić	Dario_Šimić
http://dbpedia.org/resource/Interstate_94	Interstate_94
http://dbpedia.org/resource/Okefenokee_Swamp	Okefenokee_Swamp
http://dbpedia.org/resource/Humenné	Humenné
http://dbpedia.org/resource/Newton,_Massachusetts	Newton,_Massachusetts
http://dbpedia.org/resource/Kristina_Elez	Kristina_Elez
http://dbpedia.org/resource/Miljan_Zeković	Miljan_Zeković
http://dbpedia.org/resource/Bexta	Bexta
http://dbpedia.org/resource/Indonesia	Indonesia
http://dbpedia.org/resource/Ruben_Safrastyan	Ruben_Safrastyan
http://dbpedia.org/resource/Nikolai_Gogol	Nikolai_Gogol
http://dbpedia.org/resource/Marc_R._Pacheco	Marc_R._Pacheco
http://dbpedia.org/resource/William_H._Woodin	William_H._Woodin
http://dbpedia.org/resource/Rudolf_Christoph_Eucken	Rudolf_Christoph_Eucken
http://dbpedia.org/resource/Elena_Bolotina	Elena_Bolotina
http://dbpedia.org/resource/Groon_XXX	Groon_XXX
http://dbpedia.org/resource/Gradac,_Batočina	Gradac,_Batočina
http://dbpedia.org/resource/Inkamana_High_School	Inkamana_High_School
http://dbpedia.org/resource/David_Depetris	David_Depetris
http://dbpedia.org/resource/José_Núñez_de_Cáceres	José_Núñez_de_Cáceres
http://dbpedia.org/resource/Esperanza_Aguirre	Esperanza_Aguirre
http://dbpedia.org/resource/Despotovac	Despotovac
http://dbpedia.org/resource/Defence_Services_Academy	Defence_Services_Academy
http://dbpedia.org/resource/Mansehra_District	Mansehra_District
http://dbpedia.org/resource/Prince_Luiz_of_Orléans-Braganza	Prince_Luiz_of_Orléans-Braganza
http://dbpedia.org/resource/Real_Estate_Bank_of_Iraq	Real_Estate_Bank_of_Iraq
http://dbpedia.org/resource/Vladimir_Lapitsky	Vladimir_Lapitsky
http://dbpedia.org/resource/Percival_C._Pope	Percival_C._Pope
http://dbpedia.org/resource/M'Bouna	M'Bouna
http://dbpedia.org/resource/Frank_McCloskey	Frank_McCloskey
http://dbpedia.org/resource/Rõuge_Parish	Rõuge_Parish
http://dbpedia.org/resource/William_C._Dement	William_C._Dement
http://dbpedia.org/resource/Sancho_Nunes_de_Barbosa	Sancho_Nunes_de_Barbosa
http://dbpedia.org/resource/Dennis_Gentry	Dennis_Gentry
http://dbpedia.org/resource/Hubert_Köpfler	Hubert_Köpfler
http://dbpedia.org/resource/2010_Seguros_Bolívar_Open_Cali	2010_Seguros_Bolívar_Open_Cali
http://dbpedia.org/resource/Jean_Lorougnon_Guédé_University	Jean_Lorougnon_Guédé_University
http://dbpedia.org/resource/Josef_Ackermann_(politician)	Josef_Ackermann_(politician)
http://dbpedia.org/resource/Airi_Nakajima	Airi_Nakajima
http://dbpedia.org/resource/Congolese_Trade_Union_Confederation	Congolese_Trade_Union_Confederation
http://dbpedia.org/resource/Hunter_Bell_(designer)	Hunter_Bell_(designer)
http://dbpedia.org/resource/Galen_Hadley	Galen_Hadley
http://dbpedia.org/resource/Roman_Catholic_Diocese_of_Phoenix	Roman_Catholic_Diocese_of_Phoenix
http://dbpedia.org/resource/Bill_Zender	Bill_Zender
http://dbpedia.org/resource/Esmeralda_County,_Nevada	Esmeralda_County,_Nevada
http://dbpedia.org/resource/Mike_Sojourner	Mike_Sojourner
http://dbpedia.org/resource/Enrique_Gaviola	Enrique_Gaviola
http://dbpedia.org/resource/Moner_Manush	Moner_Manush
http://dbpedia.org/resource/Hilda_Kuper	Hilda_Kuper
http://dbpedia.org/resource/Kachin_State	Kachin_State
http://dbpedia.org/resource/Tempino	Tempino
http://dbpedia.org/resource/Edmund_Dwyer-Gray	Edmund_Dwyer-Gray
http://dbpedia.org/resource/Raymond_Carver	Raymond_Carver
http://dbpedia.org/resource/Wilson_Oruma	Wilson_Oruma
http://dbpedia.org/resource/Angers	Angers
http://dbpedia.org/resource/Juan_Luis_Manzur	Juan_Luis_Manzur
http://dbpedia.org/resource/Louis_Leplée	Louis_Leplée
http://dbpedia.org/resource/Kalamata	Kalamata
http://dbpedia.org/resource/Kate_Chopin	Kate_Chopin
http://dbpedia.org/resource/Bardhaman	Bardhaman
http://dbpedia.org/resource/Canadian_County,_Oklahoma	Canadian_County,_Oklahoma
http://dbpedia.org/resource/Paul-Thérèse-David_d'Astros	Paul-Thérèse-David_d'Astros
http://dbpedia.org/resource/Gold_Medal_Park	Gold_Medal_Park
http://dbpedia.org/resource/Saïd_Chiba	Saïd_Chiba
http://dbpedia.org/resource/Évreux	Évreux
http://dbpedia.org/resource/Kujakowice_Górne	Kujakowice_Górne
http://dbpedia.org/resource/Emilio_Bello_Codesido	Emilio_Bello_Codesido
http://dbpedia.org/resource/Garrett_K._Gomez	Garrett_K._Gomez
http://dbpedia.org/resource/Philip_I_of_Castile	Philip_I_of_Castile
http://dbpedia.org/resource/Léré,_Mali	Léré,_Mali
http://dbpedia.org/resource/Infante_Fernando_of_Portugal	Infante_Fernando_of_Portugal
http://dbpedia.org/resource/Trevor_Coomber	Trevor_Coomber
http://dbpedia.org/resource/KWHK	KWHK
http://dbpedia.org/resource/Colombian_Liberal_Party	Colombian_Liberal_Party
http://dbpedia.org/resource/Indian_Harbour_Beach,_Florida	Indian_Harbour_Beach,_Florida
http://dbpedia.org/resource/Edem	Edem
http://dbpedia.org/resource/Clara_López_Obregón	Clara_López_Obregón
http://dbpedia.org/resource/Forrestfield,_Western_Australia	Forrestfield,_Western_Australia
http://dbpedia.org/resource/Indios_de_Ciudad_Juárez	Indios_de_Ciudad_Juárez
http://dbpedia.org/resource/First_Portuguese_Republic	First_Portuguese_Republic
http://dbpedia.org/resource/Lučice_(Prijepolje)	Lučice_(Prijepolje)
http://dbpedia.org/resource/Guido_Andreozzi	Guido_Andreozzi
http://dbpedia.org/resource/Michael_Polanyi	Michael_Polanyi
http://dbpedia.org/resource/Goose_Creek_(Snake_River)	Goose_Creek_(Snake_River)
http://dbpedia.org/resource/Ferdinand_de_Saussure	Ferdinand_de_Saussure
http://dbpedia.org/resource/Fury_Stakes	Fury_Stakes
http://dbpedia.org/resource/Ashfaq_Ahmed	Ashfaq_Ahmed
http://dbpedia.org/resource/Justin_Huber	Justin_Huber
http://dbpedia.org/resource/Thierry_Repentin	Thierry_Repentin
http://dbpedia.org/resource/La_Rioja_Province,_Argentina	La_Rioja_Province,_Argentina
http://dbpedia.org/resource/Griffith_University	Griffith_University
http://dbpedia.org/resource/Crawford_Hallock_Greenewalt,_Jr.	Crawford_Hallock_Greenewalt,_Jr.
http://dbpedia.org/resource/Phupoom_Pongpanu	Phupoom_Pongpanu
http://dbpedia.org/resource/Applied_Biosystems	Applied_Biosystems
http://dbpedia.org/resource/Gerald_J._Wasserburg	Gerald_J._Wasserburg
http://dbpedia.org/resource/Norodom_Ranariddh	Norodom_Ranariddh
http://dbpedia.org/resource/Michel_Serres	Michel_Serres
http://dbpedia.org/resource/Eye_of_the_Beholder_(film)	Eye_of_the_Beholder_(film)
http://dbpedia.org/resource/Martna	Martna
http://dbpedia.org/resource/Paraire_Karaka_Paikea	Paraire_Karaka_Paikea
http://dbpedia.org/resource/Fabrice_Elysée_Kouadio_Kouakou	Fabrice_Elysée_Kouadio_Kouakou
http://dbpedia.org/resource/UCAM_Murcia_CF	UCAM_Murcia_CF
http://dbpedia.org/resource/Friedrich_Schleiermacher	Friedrich_Schleiermacher
http://dbpedia.org/resource/Jessica_Hammerl	Jessica_Hammerl
http://dbpedia.org/resource/VI_Music	VI_Music
http://dbpedia.org/resource/Jean-Jacques_Rousseau	Jean-Jacques_Rousseau
http://dbpedia.org/resource/Jasper,_Oregon	Jasper,_Oregon
http://dbpedia.org/resource/Letchworth-Love_Mounds_Archaeological_State_Park	Letchworth-Love_Mounds_Archaeological_State_Park
http://dbpedia.org/resource/Lucy_Turnbull	Lucy_Turnbull
http://dbpedia.org/resource/Boston_University	Boston_University
http://dbpedia.org/resource/Rebecca_Jones	Rebecca_Jones
http://dbpedia.org/resource/Vinež	Vinež
http://dbpedia.org/resource/CreditCards.com	CreditCards.com
http://dbpedia.org/resource/Juan_Ramón_de_la_Fuente	Juan_Ramón_de_la_Fuente
http://dbpedia.org/resource/John_G._Cramer	John_G._Cramer
http://dbpedia.org/resource/UC_Ceares	UC_Ceares
http://dbpedia.org/resource/Elvio_Mana	Elvio_Mana
http://dbpedia.org/resource/Moosa_Manik	Moosa_Manik
http://dbpedia.org/resource/Illankai_Tamil_Arasu_Kachchi	Illankai_Tamil_Arasu_Kachchi
http://dbpedia.org/resource/Abdelfettah_Boukhriss	Abdelfettah_Boukhriss
http://dbpedia.org/resource/Kolubara_District	Kolubara_District
http://dbpedia.org/resource/Saint-Domineuc	Saint-Domineuc
http://dbpedia.org/resource/Martin_Wilk	Martin_Wilk
http://dbpedia.org/resource/Longreach,_Queensland	Longreach,_Queensland
http://dbpedia.org/resource/South_Hadley,_Massachusetts	South_Hadley,_Massachusetts
http://dbpedia.org/resource/WLIT-FM	WLIT-FM
http://dbpedia.org/resource/Aki_Kaurismäki	Aki_Kaurismäki
http://dbpedia.org/resource/John_Masters	John_Masters
http://dbpedia.org/resource/Čungula	Čungula
http://dbpedia.org/resource/Ricardo_Malafaia	Ricardo_Malafaia
http://dbpedia.org/resource/LaSalle_Street	LaSalle_Street
http://dbpedia.org/resource/Western_MST_Magnet_High_School_(Louisville,_Kentucky)	Western_MST_Magnet_High_School_(Louisville,_Kentucky)
http://dbpedia.org/resource/Takahiro_Kawamura	Takahiro_Kawamura
http://dbpedia.org/resource/Kishore_Bharati_Krirangan	Kishore_Bharati_Krirangan
http://dbpedia.org/resource/Chatelay	Chatelay
http://dbpedia.org/resource/Oulad_Amrane	Oulad_Amrane
http://dbpedia.org/resource/Saul_Bellow	Saul_Bellow
http://dbpedia.org/resource/Edoardo_Isella	Edoardo_Isella
http://dbpedia.org/resource/Texas–Indian_wars	Texas–Indian_wars
http://dbpedia.org/resource/Ghassan_Hitto	Ghassan_Hitto
http://dbpedia.org/resource/Maya_Deren	Maya_Deren
http://dbpedia.org/resource/Henry_Benton_Sayler	Henry_Benton_Sayler
http://dbpedia.org/resource/John_Kuhn	John_Kuhn
http://dbpedia.org/resource/Aldo_Polo	Aldo_Polo
http://dbpedia.org/resource/Troutdale,_Oregon	Troutdale,_Oregon
http://dbpedia.org/resource/Tuđin	Tuđin
http://dbpedia.org/resource/Sașa_River_(Zlast)	Sașa_River_(Zlast)
http://dbpedia.org/resource/Norman_Frederick_Hastings	Norman_Frederick_Hastings
http://dbpedia.org/resource/Tuaran	Tuaran
http://dbpedia.org/resource/Sandi_Darma_Sute	Sandi_Darma_Sute
http://dbpedia.org/resource/Peter_Stollery	Peter_Stollery
http://dbpedia.org/resource/Potter_Township,_Beaver_County,_Pennsylvania	Potter_Township,_Beaver_County,_Pennsylvania
http://dbpedia.org/resource/Clashmore	Clashmore
http://dbpedia.org/resource/Alistair_Cooke	Alistair_Cooke
http://dbpedia.org/resource/Jonesboro,_Arkansas	Jonesboro,_Arkansas
http://dbpedia.org/resource/Crown_of_Castile	Crown_of_Castile
http://dbpedia.org/resource/Peter_Gormley	Peter_Gormley
http://dbpedia.org/resource/Zgornja_Ložnica	Zgornja_Ložnica
http://dbpedia.org/resource/Zaklopača,_Croatia	Zaklopača,_Croatia
http://dbpedia.org/resource/Wallenhorst	Wallenhorst
http://dbpedia.org/resource/Carl_Schueler	Carl_Schueler
http://dbpedia.org/resource/Borys_Tashchy	Borys_Tashchy
http://dbpedia.org/resource/Ang_It-hong	Ang_It-hong
http://dbpedia.org/resource/Joe_Logan	Joe_Logan
http://dbpedia.org/resource/Rocío_Abreu_Artiñano	Rocío_Abreu_Artiñano
http://dbpedia.org/resource/Battle_of_Sind	Battle_of_Sind
http://dbpedia.org/resource/Hyde_Park_(CDP),_New_York	Hyde_Park_(CDP),_New_York
http://dbpedia.org/resource/Barcelona_Ladies_Open	Barcelona_Ladies_Open
http://dbpedia.org/resource/Babe_(film)	Babe_(film)
http://dbpedia.org/resource/Edward_J._Meeman	Edward_J._Meeman
http://dbpedia.org/resource/Lyndsay_Proctor	Lyndsay_Proctor
http://dbpedia.org/resource/Campbellsville,_Kentucky	Campbellsville,_Kentucky
http://dbpedia.org/resource/Winter_(Starbucks)	Winter_(Starbucks)
http://dbpedia.org/resource/Silberberg_(Bodenmais)	Silberberg_(Bodenmais)
http://dbpedia.org/resource/Phraya_Phahonphonphayuhasena	Phraya_Phahonphonphayuhasena
http://dbpedia.org/resource/Battle_of_Toro	Battle_of_Toro
http://dbpedia.org/resource/Miguel,_Duke_of_Braganza	Miguel,_Duke_of_Braganza
http://dbpedia.org/resource/France_Balantič	France_Balantič
http://dbpedia.org/resource/Iowa_State_University	Iowa_State_University
http://dbpedia.org/resource/MOL_Liga	MOL_Liga
http://dbpedia.org/resource/Reeküla	Reeküla
http://dbpedia.org/resource/Émerson_Luiz_Firmino	Émerson_Luiz_Firmino
http://dbpedia.org/resource/Matthew_Gentzkow	Matthew_Gentzkow
http://dbpedia.org/resource/Yeongchuksan	Yeongchuksan
http://dbpedia.org/resource/Enciastraia	Enciastraia
http://dbpedia.org/resource/Homestake_Mine_(Nevada)	Homestake_Mine_(Nevada)
http://dbpedia.org/resource/Jeremiah_Dummer	Jeremiah_Dummer
http://dbpedia.org/resource/T._P._McKenna	T._P._McKenna
http://dbpedia.org/resource/Theodore_von_Kármán	Theodore_von_Kármán
http://dbpedia.org/resource/Angeles_National_Forest	Angeles_National_Forest
http://dbpedia.org/resource/Princess_Marie-Auguste_of_Anhalt	Princess_Marie-Auguste_of_Anhalt
http://dbpedia.org/resource/Bernard_Lambourde	Bernard_Lambourde
http://dbpedia.org/resource/Ewan_Porter	Ewan_Porter
http://dbpedia.org/resource/Maarit_Lalli	Maarit_Lalli
http://dbpedia.org/resource/Patriot,_Indiana	Patriot,_Indiana
http://dbpedia.org/resource/Tilman_Goins	Tilman_Goins
http://dbpedia.org/resource/William_H._Heald	William_H._Heald
http://dbpedia.org/resource/Edsel_Ford	Edsel_Ford
http://dbpedia.org/resource/Leon_Brittan	Leon_Brittan
http://dbpedia.org/resource/Július_Bielik	Július_Bielik
http://dbpedia.org/resource/Battle_of_Białystok–Minsk	Battle_of_Białystok–Minsk
http://dbpedia.org/resource/João_Pereira_(Portuguese_footballer)	João_Pereira_(Portuguese_footballer)
http://dbpedia.org/resource/Jordan_Seabrook	Jordan_Seabrook
http://dbpedia.org/resource/Upolu	Upolu
http://dbpedia.org/resource/P._Chidambaram	P._Chidambaram
http://dbpedia.org/resource/Todd_Mitchell	Todd_Mitchell
http://dbpedia.org/resource/Howard_Pyle	Howard_Pyle
http://dbpedia.org/resource/Néstor_Scotta	Néstor_Scotta
http://dbpedia.org/resource/Karachi_Naval_Dockyard	Karachi_Naval_Dockyard
http://dbpedia.org/resource/Elias_Porter	Elias_Porter
http://dbpedia.org/resource/Washington_County,_Arkansas	Washington_County,_Arkansas
http://dbpedia.org/resource/James_Rhyne_Killian	James_Rhyne_Killian
http://dbpedia.org/resource/Princess_Louise_of_Orléans	Princess_Louise_of_Orléans
http://dbpedia.org/resource/Javier_Casquero	Javier_Casquero
http://dbpedia.org/resource/John_DiRaimondo	John_DiRaimondo
http://dbpedia.org/resource/Woronora_River	Woronora_River
http://dbpedia.org/resource/Raza_Rabbani	Raza_Rabbani
http://dbpedia.org/resource/Dragan_Gaćeša	Dragan_Gaćeša
http://dbpedia.org/resource/Peliyagoda	Peliyagoda
http://dbpedia.org/resource/Domptail-en-l'Air	Domptail-en-l'Air
http://dbpedia.org/resource/Brent_Gilchrist	Brent_Gilchrist
http://dbpedia.org/resource/Javi_Guerrero	Javi_Guerrero
http://dbpedia.org/resource/Alexandre_Stassievitch	Alexandre_Stassievitch
http://dbpedia.org/resource/Abilene,_Texas	Abilene,_Texas
http://dbpedia.org/resource/Mägiotsa	Mägiotsa
http://dbpedia.org/resource/Gloucester,_Massachusetts	Gloucester,_Massachusetts
http://dbpedia.org/resource/Kino_Springs,_Arizona	Kino_Springs,_Arizona
http://dbpedia.org/resource/Pine_Plains_(town),_New_York	Pine_Plains_(town),_New_York
http://dbpedia.org/resource/Central_Hungary	Central_Hungary
http://dbpedia.org/resource/Josh_Byerly	Josh_Byerly
http://dbpedia.org/resource/17th_Infantry_Regiment_(France)	17th_Infantry_Regiment_(France)
http://dbpedia.org/resource/Kurt_Russell	Kurt_Russell
http://dbpedia.org/resource/Brigham_Young_University	Brigham_Young_University
http://dbpedia.org/resource/Mali_Suvodol	Mali_Suvodol
http://dbpedia.org/resource/South_Banat_District	South_Banat_District
http://dbpedia.org/resource/Rodolfo_Campo_Soto	Rodolfo_Campo_Soto
http://dbpedia.org/resource/Bohemian_Paradise	Bohemian_Paradise
http://dbpedia.org/resource/Lloyd_Morrison	Lloyd_Morrison
http://dbpedia.org/resource/Brekov_Castle	Brekov_Castle
http://dbpedia.org/resource/Ultimate_Fighting_Championship	Ultimate_Fighting_Championship
http://dbpedia.org/resource/Lawrence_Creek,_Oklahoma	Lawrence_Creek,_Oklahoma
http://dbpedia.org/resource/San_Salvador	San_Salvador
http://dbpedia.org/resource/Sheldon_Hackney	Sheldon_Hackney
http://dbpedia.org/resource/The_Dish	The_Dish
http://dbpedia.org/resource/Alberto_Teisaire	Alberto_Teisaire
http://dbpedia.org/resource/Floyd_County,_Indiana	Floyd_County,_Indiana
http://dbpedia.org/resource/Midland_City,_Alabama	Midland_City,_Alabama
http://dbpedia.org/resource/Frankie_Smith	Frankie_Smith
http://dbpedia.org/resource/Saša_Radivojević	Saša_Radivojević
http://dbpedia.org/resource/Germinal_(1993_film)	Germinal_(1993_film)
http://dbpedia.org/resource/Viljandi_JK_Tulevik	Viljandi_JK_Tulevik
http://dbpedia.org/resource/Saint-Hilarion	Saint-Hilarion
http://dbpedia.org/resource/Carolina_Isakson_Proctor	Carolina_Isakson_Proctor
http://dbpedia.org/resource/Krka,_Ivančna_Gorica	Krka,_Ivančna_Gorica
http://dbpedia.org/resource/Zero_Mostel	Zero_Mostel
http://dbpedia.org/resource/Kalingga_Kingdom	Kalingga_Kingdom
http://dbpedia.org/resource/ITV_News_Channel_TV	ITV_News_Channel_TV
http://dbpedia.org/resource/Nanticoke,_Pennsylvania	Nanticoke,_Pennsylvania
http://dbpedia.org/resource/Kevin_Rudd	Kevin_Rudd
http://dbpedia.org/resource/Tanja_Ribič	Tanja_Ribič
http://dbpedia.org/resource/Ferrell_Haile	Ferrell_Haile
http://dbpedia.org/resource/Juan_Manuel_Coello	Juan_Manuel_Coello
http://dbpedia.org/resource/Pierrot_le_Fou	Pierrot_le_Fou
http://dbpedia.org/resource/Samuel_Cluckston	Samuel_Cluckston
http://dbpedia.org/resource/Baghdad	Baghdad
http://dbpedia.org/resource/David_Bruno	David_Bruno
http://dbpedia.org/resource/Hebron_High_School_(Texas)	Hebron_High_School_(Texas)
http://dbpedia.org/resource/Sougui	Sougui
http://dbpedia.org/resource/Shwezigon_Pagoda	Shwezigon_Pagoda
http://dbpedia.org/resource/Paw_Paw_Township,_Wabash_County,_Indiana	Paw_Paw_Township,_Wabash_County,_Indiana
http://dbpedia.org/resource/Rockhampton	Rockhampton
http://dbpedia.org/resource/Ingrid_Antonijevic	Ingrid_Antonijevic
http://dbpedia.org/resource/Emil_Hurezeanu	Emil_Hurezeanu
http://dbpedia.org/resource/Mas-Saint-Chély	Mas-Saint-Chély
http://dbpedia.org/resource/Carlos_Aranda	Carlos_Aranda
http://dbpedia.org/resource/First_Battle_of_the_Marne	First_Battle_of_the_Marne
http://dbpedia.org/resource/Vanil_de_l'Ecri	Vanil_de_l'Ecri
http://dbpedia.org/resource/Franz_Brentano	Franz_Brentano
http://dbpedia.org/resource/Todd_Gilles	Todd_Gilles
http://dbpedia.org/resource/Billy_Kenoi	Billy_Kenoi
http://dbpedia.org/resource/Giorgos_Theodoridis	Giorgos_Theodoridis
http://dbpedia.org/resource/Trnava,_Braslovče	Trnava,_Braslovče
http://dbpedia.org/resource/John_Shields_(Texas_politician)	John_Shields_(Texas_politician)
http://dbpedia.org/resource/Black_Echoes	Black_Echoes
http://dbpedia.org/resource/Khin_Kyi	Khin_Kyi
http://dbpedia.org/resource/Jung_Hye-lim	Jung_Hye-lim
http://dbpedia.org/resource/Jean_Tschumi	Jean_Tschumi
http://dbpedia.org/resource/Constantino_Jardim	Constantino_Jardim
http://dbpedia.org/resource/Jimmy_Patton	Jimmy_Patton
http://dbpedia.org/resource/Austin_County,_Texas	Austin_County,_Texas
http://dbpedia.org/resource/Lovell_Block	Lovell_Block
http://dbpedia.org/resource/Robert_Ewing_III	Robert_Ewing_III
http://dbpedia.org/resource/Juraj_Chupač	Juraj_Chupač
http://dbpedia.org/resource/Trnovitički_Popovac	Trnovitički_Popovac
http://dbpedia.org/resource/Sound_Sultan	Sound_Sultan
http://dbpedia.org/resource/Socialists'_Party_of_Catalonia	Socialists'_Party_of_Catalonia
http://dbpedia.org/resource/AC_Ajaccio	AC_Ajaccio
http://dbpedia.org/resource/Orly_Airport	Orly_Airport
http://dbpedia.org/resource/Comanche_County,_Oklahoma	Comanche_County,_Oklahoma
http://dbpedia.org/resource/Shea_Campbell	Shea_Campbell
http://dbpedia.org/resource/Temple_University	Temple_University
http://dbpedia.org/resource/Mark_Ujakpor	Mark_Ujakpor
http://dbpedia.org/resource/Simão_Santos	Simão_Santos
http://dbpedia.org/resource/Zach_Varga	Zach_Varga
http://dbpedia.org/resource/Greenwood_County,_Kansas	Greenwood_County,_Kansas
http://dbpedia.org/resource/Shahid_Afridi	Shahid_Afridi
http://dbpedia.org/resource/Héctor_Silva_(Argentine_footballer)	Héctor_Silva_(Argentine_footballer)
http://dbpedia.org/resource/Juan_Claudio_González	Juan_Claudio_González
http://dbpedia.org/resource/Chamisal,_New_Mexico	Chamisal,_New_Mexico
http://dbpedia.org/resource/Émile_Armand	Émile_Armand
http://dbpedia.org/resource/Euclid,_Ohio	Euclid,_Ohio
http://dbpedia.org/resource/Jean-Bertrand_Aristide	Jean-Bertrand_Aristide
http://dbpedia.org/resource/Krásno_(Sokolov_District)	Krásno_(Sokolov_District)
http://dbpedia.org/resource/Denis_Osadchenko	Denis_Osadchenko
http://dbpedia.org/resource/The_Cherry_Street_Tavern	The_Cherry_Street_Tavern
http://dbpedia.org/resource/Blain,_Loire-Atlantique	Blain,_Loire-Atlantique
http://dbpedia.org/resource/Dalton,_Massachusetts	Dalton,_Massachusetts
http://dbpedia.org/resource/Jo_Halls	Jo_Halls
http://dbpedia.org/resource/Wendel_Clark	Wendel_Clark
http://dbpedia.org/resource/Đorđe_Despotović	Đorđe_Despotović
http://dbpedia.org/resource/Northern_Oklahoma_College	Northern_Oklahoma_College
http://dbpedia.org/resource/Mount_Lee	Mount_Lee
http://dbpedia.org/resource/Denver_Nuggets	Denver_Nuggets
http://dbpedia.org/resource/Ricardo_Lancaster-Jones_y_Verea	Ricardo_Lancaster-Jones_y_Verea
http://dbpedia.org/resource/Chigorodó	Chigorodó
http://dbpedia.org/resource/Pierre_Laffillé	Pierre_Laffillé
http://dbpedia.org/resource/KWFS_(AM)	KWFS_(AM)
http://dbpedia.org/resource/Thomas_Wörle	Thomas_Wörle
http://dbpedia.org/resource/MBDA	MBDA
http://dbpedia.org/resource/Dianne_Kay	Dianne_Kay
http://dbpedia.org/resource/John_Whelan_Sterling	John_Whelan_Sterling
http://dbpedia.org/resource/Alan_Tudyk	Alan_Tudyk
http://dbpedia.org/resource/Jennifer_Freeman	Jennifer_Freeman
http://dbpedia.org/resource/Kevin_Connauton	Kevin_Connauton
http://dbpedia.org/resource/French_Guiana	French_Guiana
http://dbpedia.org/resource/Alejandro_García_Padilla	Alejandro_García_Padilla
http://dbpedia.org/resource/Renan_Foguinho	Renan_Foguinho
http://dbpedia.org/resource/Ostrówek,_Sępólno_County	Ostrówek,_Sępólno_County
http://dbpedia.org/resource/Yavapai_County,_Arizona	Yavapai_County,_Arizona
http://dbpedia.org/resource/Dylan_Sage	Dylan_Sage
http://dbpedia.org/resource/Irving_Segal	Irving_Segal
http://dbpedia.org/resource/County_Cavan	County_Cavan
http://dbpedia.org/resource/Vorder_Glärnisch	Vorder_Glärnisch
http://dbpedia.org/resource/Roger_Carel	Roger_Carel
http://dbpedia.org/resource/Takis_Fotopoulos	Takis_Fotopoulos
http://dbpedia.org/resource/Bob_Fisher_(baseball)	Bob_Fisher_(baseball)
http://dbpedia.org/resource/Stephen_F._Lynch	Stephen_F._Lynch
http://dbpedia.org/resource/TF1_Group	TF1_Group
http://dbpedia.org/resource/Hoghmik	Hoghmik
http://dbpedia.org/resource/Hartford,_Connecticut	Hartford,_Connecticut
http://dbpedia.org/resource/Aleix_Coch	Aleix_Coch
http://dbpedia.org/resource/Daniel_Miguélez_Martínez	Daniel_Miguélez_Martínez
http://dbpedia.org/resource/Jovan_Erdeljanović	Jovan_Erdeljanović
http://dbpedia.org/resource/Music_Box_Films	Music_Box_Films
http://dbpedia.org/resource/Liborio_Vidal_Aguilar	Liborio_Vidal_Aguilar
http://dbpedia.org/resource/Rolland_Hatfield	Rolland_Hatfield
http://dbpedia.org/resource/Reinet_Investments	Reinet_Investments
http://dbpedia.org/resource/Mina_Tannenbaum	Mina_Tannenbaum
http://dbpedia.org/resource/David_Macalister_Silva	David_Macalister_Silva
http://dbpedia.org/resource/My_Father_the_Hero_(1994_film)	My_Father_the_Hero_(1994_film)
http://dbpedia.org/resource/Ante_Covic	Ante_Covic
http://dbpedia.org/resource/Jacksboro,_Texas	Jacksboro,_Texas
http://dbpedia.org/resource/Steve_Sisolak	Steve_Sisolak
http://dbpedia.org/resource/Perth	Perth
http://dbpedia.org/resource/Robert_Bunsen	Robert_Bunsen
http://dbpedia.org/resource/Potok_pri_Komendi	Potok_pri_Komendi
http://dbpedia.org/resource/Eygalières	Eygalières
http://dbpedia.org/resource/Jorge_González_Otero	Jorge_González_Otero
http://dbpedia.org/resource/Luis_Islas	Luis_Islas
http://dbpedia.org/resource/La_Pampa_Province	La_Pampa_Province
http://dbpedia.org/resource/Richard_E._Ellsworth	Richard_E._Ellsworth
http://dbpedia.org/resource/Martigues	Martigues
http://dbpedia.org/resource/Alexandre_Moreno_Lopera	Alexandre_Moreno_Lopera
http://dbpedia.org/resource/Mediterranean_Sea	Mediterranean_Sea
http://dbpedia.org/resource/San_Martín_de_la_Vega	San_Martín_de_la_Vega
http://dbpedia.org/resource/Santa_María_Ribarredonda	Santa_María_Ribarredonda
http://dbpedia.org/resource/Jang_Young-chul	Jang_Young-chul
http://dbpedia.org/resource/Andy_Belsak	Andy_Belsak
http://dbpedia.org/resource/KDRK-FM	KDRK-FM
http://dbpedia.org/resource/Princess_Louise_of_Savoy	Princess_Louise_of_Savoy
http://dbpedia.org/resource/Pierre-Louis_Dieufaite	Pierre-Louis_Dieufaite
http://dbpedia.org/resource/Battle_of_Arcis-sur-Aube	Battle_of_Arcis-sur-Aube
http://dbpedia.org/resource/Mohamed_Jameel	Mohamed_Jameel
http://dbpedia.org/resource/Robec	Robec
http://dbpedia.org/resource/Świszewy	Świszewy
http://dbpedia.org/resource/Max_Delbrück	Max_Delbrück
http://dbpedia.org/resource/Shepherd_School_of_Music	Shepherd_School_of_Music
http://dbpedia.org/resource/Marge_Champion	Marge_Champion
http://dbpedia.org/resource/Suhasini_Maniratnam	Suhasini_Maniratnam
http://dbpedia.org/resource/Montezuma,_Iowa	Montezuma,_Iowa
http://dbpedia.org/resource/Emil_Haury	Emil_Haury
http://dbpedia.org/resource/Bangoua	Bangoua
http://dbpedia.org/resource/Matthew_Wilkinson	Matthew_Wilkinson
http://dbpedia.org/resource/Kuyavian-Pomeranian_Voivodeship	Kuyavian-Pomeranian_Voivodeship
http://dbpedia.org/resource/Ljubo_Nenadić	Ljubo_Nenadić
http://dbpedia.org/resource/Chandrika_Kumaratunga	Chandrika_Kumaratunga
http://dbpedia.org/resource/Albert_II_of_Germany	Albert_II_of_Germany
http://dbpedia.org/resource/Ljubiša_Ranković	Ljubiša_Ranković
http://dbpedia.org/resource/Leesong_Hee-il	Leesong_Hee-il
http://dbpedia.org/resource/Rašica,_Ljubljana	Rašica,_Ljubljana
http://dbpedia.org/resource/Rasim_Ljajić	Rasim_Ljajić
http://dbpedia.org/resource/Lukáš_Štetina	Lukáš_Štetina
http://dbpedia.org/resource/Elle_(film)	Elle_(film)
http://dbpedia.org/resource/Haris_Redžepi	Haris_Redžepi
http://dbpedia.org/resource/Montcalm_Massif	Montcalm_Massif
http://dbpedia.org/resource/Ágnes_Keleti	Ágnes_Keleti
http://dbpedia.org/resource/Mines_ParisTech	Mines_ParisTech
http://dbpedia.org/resource/Sparrow_McCaffrey	Sparrow_McCaffrey
http://dbpedia.org/resource/ANT1_Group	ANT1_Group
http://dbpedia.org/resource/Charsadda	Charsadda
http://dbpedia.org/resource/Liam_Buckley	Liam_Buckley
http://dbpedia.org/resource/Llanera_de_Ranes	Llanera_de_Ranes
http://dbpedia.org/resource/Šimunčevec	Šimunčevec
http://dbpedia.org/resource/Soroako_Airport	Soroako_Airport
http://dbpedia.org/resource/Heliodoro_Díaz_Escarraga	Heliodoro_Díaz_Escarraga
http://dbpedia.org/resource/Lapland_(Finland)	Lapland_(Finland)
http://dbpedia.org/resource/Barbora_Brémová	Barbora_Brémová
http://dbpedia.org/resource/William_A._Culpepper	William_A._Culpepper
http://dbpedia.org/resource/Zanzibar	Zanzibar
http://dbpedia.org/resource/Asmara	Asmara
http://dbpedia.org/resource/Patricio_Treviño	Patricio_Treviño
http://dbpedia.org/resource/Semir_Hadžibulić	Semir_Hadžibulić
http://dbpedia.org/resource/James_Albert_Manning_Aikins	James_Albert_Manning_Aikins
http://dbpedia.org/resource/Yakkalamulla	Yakkalamulla
http://dbpedia.org/resource/Juan_Antonio_Merlos	Juan_Antonio_Merlos
http://dbpedia.org/resource/Canal_3_Pichilemu	Canal_3_Pichilemu
http://dbpedia.org/resource/University_of_Helsinki	University_of_Helsinki
http://dbpedia.org/resource/Irish_Car_Rentals	Irish_Car_Rentals
http://dbpedia.org/resource/Takahiro_Tamura	Takahiro_Tamura
http://dbpedia.org/resource/Robert_Richards_(Australian_politician)	Robert_Richards_(Australian_politician)
http://dbpedia.org/resource/Majete	Majete
http://dbpedia.org/resource/Har_Gobind_Khorana	Har_Gobind_Khorana
http://dbpedia.org/resource/Ahmad_Mohamed_Ibrahim	Ahmad_Mohamed_Ibrahim
http://dbpedia.org/resource/Bni_Yagrine	Bni_Yagrine
http://dbpedia.org/resource/Damjan_Đoković	Damjan_Đoković
http://dbpedia.org/resource/Steven_Lang_(footballer)	Steven_Lang_(footballer)
http://dbpedia.org/resource/Reginald_Case	Reginald_Case
http://dbpedia.org/resource/MFK_Ružomberok	MFK_Ružomberok
http://dbpedia.org/resource/Sergio_Gámiz	Sergio_Gámiz
http://dbpedia.org/resource/Leonard_Penn	Leonard_Penn
http://dbpedia.org/resource/Gabriel_Calderón	Gabriel_Calderón
http://dbpedia.org/resource/El_Cuervo,_Aragon	El_Cuervo,_Aragon
http://dbpedia.org/resource/Renault	Renault
http://dbpedia.org/resource/David_Hunter_Riddle	David_Hunter_Riddle
http://dbpedia.org/resource/Soulaines-sur-Aubance	Soulaines-sur-Aubance
http://dbpedia.org/resource/Géza_Bereményi	Géza_Bereményi
http://dbpedia.org/resource/Matt_Mostyn	Matt_Mostyn
http://dbpedia.org/resource/Srđan_Simović	Srđan_Simović
http://dbpedia.org/resource/Round_Lake_(Michigan)	Round_Lake_(Michigan)
http://dbpedia.org/resource/Juan_José_Jayo	Juan_José_Jayo
http://dbpedia.org/resource/War_Photographer	War_Photographer
http://dbpedia.org/resource/Lough_Kinale	Lough_Kinale
http://dbpedia.org/resource/Fernando_Noriega	Fernando_Noriega
http://dbpedia.org/resource/Raman_Vasilyuk	Raman_Vasilyuk
http://dbpedia.org/resource/El_Kelaa_des_Sraghna	El_Kelaa_des_Sraghna
http://dbpedia.org/resource/Robert_Rubčić	Robert_Rubčić
http://dbpedia.org/resource/Insaniyat_(1967_film)	Insaniyat_(1967_film)
http://dbpedia.org/resource/Heru_Nerly	Heru_Nerly
http://dbpedia.org/resource/Kyaut_Tie_Stadium	Kyaut_Tie_Stadium
http://dbpedia.org/resource/Mireille_Ballestrazzi	Mireille_Ballestrazzi
http://dbpedia.org/resource/Anchorena,_San_Luis	Anchorena,_San_Luis
http://dbpedia.org/resource/Břetislav_Dolejší	Břetislav_Dolejší
http://dbpedia.org/resource/Daniel_Noriega	Daniel_Noriega
http://dbpedia.org/resource/Benin	Benin
http://dbpedia.org/resource/MB_Holding	MB_Holding
http://dbpedia.org/resource/Albany_Creek,_Queensland	Albany_Creek,_Queensland
http://dbpedia.org/resource/Don_Preston_(guitarist)	Don_Preston_(guitarist)
http://dbpedia.org/resource/Montachusett_Regional_Vocational_Technical_School	Montachusett_Regional_Vocational_Technical_School
http://dbpedia.org/resource/George_Hurdalek	George_Hurdalek
http://dbpedia.org/resource/Mats_Gren	Mats_Gren
http://dbpedia.org/resource/Moulins,_Ille-et-Vilaine	Moulins,_Ille-et-Vilaine
http://dbpedia.org/resource/Gastón_Pezzuti	Gastón_Pezzuti
http://dbpedia.org/resource/Tijani_Belaïd	Tijani_Belaïd
http://dbpedia.org/resource/Church_of_the_Good_Shepherd_(Maitland,_Florida)	Church_of_the_Good_Shepherd_(Maitland,_Florida)
http://dbpedia.org/resource/Dunkeld,_Victoria	Dunkeld,_Victoria
http://dbpedia.org/resource/Tjalling_Koopmans	Tjalling_Koopmans
http://dbpedia.org/resource/Mari_Carmen_Díaz_de_Mendoza	Mari_Carmen_Díaz_de_Mendoza
http://dbpedia.org/resource/Valjala_Parish	Valjala_Parish
http://dbpedia.org/resource/Judith_Barrett	Judith_Barrett
http://dbpedia.org/resource/Cyril_Ramaphosa	Cyril_Ramaphosa
http://dbpedia.org/resource/Milan_Čič	Milan_Čič
http://dbpedia.org/resource/Momir_Bulatović	Momir_Bulatović
http://dbpedia.org/resource/Jean-Pierre_Cassel	Jean-Pierre_Cassel
http://dbpedia.org/resource/Ohio_Township,_Franklin_County,_Kansas	Ohio_Township,_Franklin_County,_Kansas
http://dbpedia.org/resource/Buena_Vista_County,_Iowa	Buena_Vista_County,_Iowa
http://dbpedia.org/resource/Shawntinice_Polk	Shawntinice_Polk
http://dbpedia.org/resource/Pichet_In-bang	Pichet_In-bang
http://dbpedia.org/resource/NK_Bjelovar	NK_Bjelovar
http://dbpedia.org/resource/Lou_Williams	Lou_Williams
http://dbpedia.org/resource/Francisco_Caamaño_Domínguez	Francisco_Caamaño_Domínguez
http://dbpedia.org/resource/Andrew_M._Cox_Ranch_Site	Andrew_M._Cox_Ranch_Site
http://dbpedia.org/resource/Gregorio_Funes	Gregorio_Funes
http://dbpedia.org/resource/Ong_Beng_Hee	Ong_Beng_Hee
http://dbpedia.org/resource/Antarashat	Antarashat
http://dbpedia.org/resource/Cambridge,_Massachusetts	Cambridge,_Massachusetts
http://dbpedia.org/resource/Artur_Kotenko	Artur_Kotenko
http://dbpedia.org/resource/Hope,_Kansas	Hope,_Kansas
http://dbpedia.org/resource/Alyaksey_Pankavets	Alyaksey_Pankavets
http://dbpedia.org/resource/Ricardo_Gascón	Ricardo_Gascón
http://dbpedia.org/resource/Marc_Gicquel	Marc_Gicquel
http://dbpedia.org/resource/Andy_Salmon	Andy_Salmon
http://dbpedia.org/resource/Kerr_County,_Texas	Kerr_County,_Texas
http://dbpedia.org/resource/Minersville_Historic_District	Minersville_Historic_District
http://dbpedia.org/resource/CD_Lugo	CD_Lugo
http://dbpedia.org/resource/Warren_Rawson_Building	Warren_Rawson_Building
http://dbpedia.org/resource/Slavoljub_Muslin	Slavoljub_Muslin
http://dbpedia.org/resource/Juan_Martín_Pietravallo	Juan_Martín_Pietravallo
http://dbpedia.org/resource/Didier_Deschamps	Didier_Deschamps
http://dbpedia.org/resource/Pavol_Bajza	Pavol_Bajza
http://dbpedia.org/resource/Spyridon_Vasileiadis	Spyridon_Vasileiadis
http://dbpedia.org/resource/Nicolás_Suárez_(footballer)	Nicolás_Suárez_(footballer)
http://dbpedia.org/resource/Guilherme_Afonso	Guilherme_Afonso
http://dbpedia.org/resource/Crescent_College	Crescent_College
http://dbpedia.org/resource/Ondřej_Pavelec	Ondřej_Pavelec
http://dbpedia.org/resource/Timothy_P._White	Timothy_P._White
http://dbpedia.org/resource/S._N._Behrman	S._N._Behrman
http://dbpedia.org/resource/Johnny_O'Keefe	Johnny_O'Keefe
http://dbpedia.org/resource/Beechwood_(Southbridge,_Massachusetts)	Beechwood_(Southbridge,_Massachusetts)
http://dbpedia.org/resource/Marek_Gajdošík	Marek_Gajdošík
http://dbpedia.org/resource/Zigon_Township	Zigon_Township
http://dbpedia.org/resource/Bangkok_Bank_F.C.	Bangkok_Bank_F.C.
http://dbpedia.org/resource/Benito_Mussolini	Benito_Mussolini
http://dbpedia.org/resource/Oleksiy_Cheremysin	Oleksiy_Cheremysin
http://dbpedia.org/resource/C.D._Universidad_de_El_Salvador	C.D._Universidad_de_El_Salvador
http://dbpedia.org/resource/Ashley_National_Forest	Ashley_National_Forest
http://dbpedia.org/resource/Vanderbijlpark	Vanderbijlpark
http://dbpedia.org/resource/Fred_Brooks	Fred_Brooks
http://dbpedia.org/resource/McKinney,_Texas	McKinney,_Texas
http://dbpedia.org/resource/Gamini_Atukorale	Gamini_Atukorale
http://dbpedia.org/resource/Cieszanowice,_Opole_Voivodeship	Cieszanowice,_Opole_Voivodeship
http://dbpedia.org/resource/Andrew_Florent	Andrew_Florent
http://dbpedia.org/resource/Craig_Parkinson	Craig_Parkinson
http://dbpedia.org/resource/Ivančna_Gorica	Ivančna_Gorica
http://dbpedia.org/resource/Cosquín,_Córdoba	Cosquín,_Córdoba
http://dbpedia.org/resource/Rosario,_Santa_Fe	Rosario,_Santa_Fe
http://dbpedia.org/resource/Tarja_Halonen	Tarja_Halonen
http://dbpedia.org/resource/Cordón_del_Azufre	Cordón_del_Azufre
http://dbpedia.org/resource/Bern	Bern
http://dbpedia.org/resource/Juancho	Juancho
http://dbpedia.org/resource/Prievidza	Prievidza
http://dbpedia.org/resource/Andrejčje	Andrejčje
http://dbpedia.org/resource/Emma_Vilarasau	Emma_Vilarasau
http://dbpedia.org/resource/Pennsylvania_College_of_Health_Sciences	Pennsylvania_College_of_Health_Sciences
http://dbpedia.org/resource/Molledo	Molledo
http://dbpedia.org/resource/Shutesbury,_Massachusetts	Shutesbury,_Massachusetts
http://dbpedia.org/resource/Sam_Broomhall	Sam_Broomhall
http://dbpedia.org/resource/Jairo_Zulbarán	Jairo_Zulbarán
http://dbpedia.org/resource/Franklin,_Tennessee	Franklin,_Tennessee
http://dbpedia.org/resource/Miriam_A._Ferguson	Miriam_A._Ferguson
http://dbpedia.org/resource/Elles_(film)	Elles_(film)
http://dbpedia.org/resource/Joan_Francesc_Mira_i_Casterà	Joan_Francesc_Mira_i_Casterà
http://dbpedia.org/resource/Josef_Řihák	Josef_Řihák
http://dbpedia.org/resource/Víctor_Santos_(author)	Víctor_Santos_(author)
http://dbpedia.org/resource/Whakaari_/_White_Island	Whakaari_/_White_Island
http://dbpedia.org/resource/Bluffton,_Alabama	Bluffton,_Alabama
http://dbpedia.org/resource/Carabanchel	Carabanchel
http://dbpedia.org/resource/Derek_Hill_(baseball)	Derek_Hill_(baseball)
http://dbpedia.org/resource/Kerrie_Tucker	Kerrie_Tucker
http://dbpedia.org/resource/Tom_Sheehan_(politician)	Tom_Sheehan_(politician)
http://dbpedia.org/resource/Patti_B._Saris	Patti_B._Saris
http://dbpedia.org/resource/KMAJ_(AM)	KMAJ_(AM)
http://dbpedia.org/resource/Jet,_Oklahoma	Jet,_Oklahoma
http://dbpedia.org/resource/Mario_Kasun	Mario_Kasun
http://dbpedia.org/resource/Battle_of_Nieuwpoort	Battle_of_Nieuwpoort
http://dbpedia.org/resource/Tadla-Azilal	Tadla-Azilal
http://dbpedia.org/resource/Česká_Lípa	Česká_Lípa
http://dbpedia.org/resource/CE_Mediterrani	CE_Mediterrani
http://dbpedia.org/resource/San_Miguel_Department_(El_Salvador)	San_Miguel_Department_(El_Salvador)
http://dbpedia.org/resource/WQLH	WQLH
http://dbpedia.org/resource/Wayne_State_University	Wayne_State_University
http://dbpedia.org/resource/Javier_Jiménez_Santafé	Javier_Jiménez_Santafé
http://dbpedia.org/resource/Epitech	Epitech
http://dbpedia.org/resource/Saint-Denis,_Seine-Saint-Denis	Saint-Denis,_Seine-Saint-Denis
http://dbpedia.org/resource/Fuad_Gazibegović	Fuad_Gazibegović
http://dbpedia.org/resource/Constance_Marie_Charpentier	Constance_Marie_Charpentier
http://dbpedia.org/resource/Oxford_International_School,_Dhaka	Oxford_International_School,_Dhaka
http://dbpedia.org/resource/Hambantota	Hambantota
http://dbpedia.org/resource/Cergy	Cergy
http://dbpedia.org/resource/Bučje,_Pleternica	Bučje,_Pleternica
http://dbpedia.org/resource/Gould_Hyde_Norton_House	Gould_Hyde_Norton_House
http://dbpedia.org/resource/Pablo_Luna_(footballer)	Pablo_Luna_(footballer)
http://dbpedia.org/resource/Robert_du_Preez_(rugby_player_born_1993)	Robert_du_Preez_(rugby_player_born_1993)
http://dbpedia.org/resource/Fargo_South_Residential_District	Fargo_South_Residential_District
http://dbpedia.org/resource/Velika_Goba	Velika_Goba
http://dbpedia.org/resource/Hungarian_Socialist_Party	Hungarian_Socialist_Party
http://dbpedia.org/resource/Barbara_Jordan	Barbara_Jordan
http://dbpedia.org/resource/Doha	Doha
http://dbpedia.org/resource/Kingdom_of_Serbia	Kingdom_of_Serbia
http://dbpedia.org/resource/George_Santayana	George_Santayana
http://dbpedia.org/resource/Rodolphe_Salis	Rodolphe_Salis
http://dbpedia.org/resource/Orson_Welles	Orson_Welles
http://dbpedia.org/resource/Hoosic_River	Hoosic_River
http://dbpedia.org/resource/Hendrik_Verwoerd	Hendrik_Verwoerd
http://dbpedia.org/resource/Kevin_Dunn	Kevin_Dunn
http://dbpedia.org/resource/Klapzubova_jedenáctka_(film)	Klapzubova_jedenáctka_(film)
http://dbpedia.org/resource/Kian_Egan	Kian_Egan
http://dbpedia.org/resource/Bevan_Kapisi	Bevan_Kapisi
http://dbpedia.org/resource/Benedict_Akwuegbu	Benedict_Akwuegbu
http://dbpedia.org/resource/Frederic_Manning	Frederic_Manning
http://dbpedia.org/resource/Western_Province,_Sri_Lanka	Western_Province,_Sri_Lanka
http://dbpedia.org/resource/F.C._Marco	F.C._Marco
http://dbpedia.org/resource/Krisztián_Adorján	Krisztián_Adorján
http://dbpedia.org/resource/Moyne_River	Moyne_River
http://dbpedia.org/resource/KMNY	KMNY
http://dbpedia.org/resource/Barbara_Baynton	Barbara_Baynton
http://dbpedia.org/resource/Hugo_Álvarez_Quintas	Hugo_Álvarez_Quintas
http://dbpedia.org/resource/Sánchez_Ramírez_Province	Sánchez_Ramírez_Province
http://dbpedia.org/resource/Oceans_(TV_series)	Oceans_(TV_series)
http://dbpedia.org/resource/Lee_Yong_(footballer,_born_1989)	Lee_Yong_(footballer,_born_1989)
http://dbpedia.org/resource/Modra	Modra
http://dbpedia.org/resource/Tecoluca	Tecoluca
http://dbpedia.org/resource/Raoul_Coutard	Raoul_Coutard
http://dbpedia.org/resource/Rachel_Jacobs	Rachel_Jacobs
http://dbpedia.org/resource/Gill_Matthewson	Gill_Matthewson
http://dbpedia.org/resource/Yuzo_Funakoshi	Yuzo_Funakoshi
http://dbpedia.org/resource/Ohio_River	Ohio_River
http://dbpedia.org/resource/Gold_Museum,_New_Taipei_City_Government	Gold_Museum,_New_Taipei_City_Government
http://dbpedia.org/resource/Goran_Ćakić	Goran_Ćakić
http://dbpedia.org/resource/Artūrs_Karašausks	Artūrs_Karašausks
http://dbpedia.org/resource/Gabriel_Flores	Gabriel_Flores
http://dbpedia.org/resource/Mexicana_Cargo	Mexicana_Cargo
http://dbpedia.org/resource/Dario_Bodrušić	Dario_Bodrušić
http://dbpedia.org/resource/Igor_Gabilondo	Igor_Gabilondo
http://dbpedia.org/resource/S._John_Launer	S._John_Launer
http://dbpedia.org/resource/Velika_Trnovitica	Velika_Trnovitica
http://dbpedia.org/resource/Clayes	Clayes
http://dbpedia.org/resource/Huntsville,_Alabama	Huntsville,_Alabama
http://dbpedia.org/resource/Ann_Beattie	Ann_Beattie
http://dbpedia.org/resource/Édgar_Mejía	Édgar_Mejía
http://dbpedia.org/resource/Thomas_Oppermann	Thomas_Oppermann
http://dbpedia.org/resource/Georg_Brandes	Georg_Brandes
http://dbpedia.org/resource/Kimberly-Clark	Kimberly-Clark
http://dbpedia.org/resource/Chris_Brown_(veterinarian)	Chris_Brown_(veterinarian)
http://dbpedia.org/resource/DePaul_Blue_Demons	DePaul_Blue_Demons
http://dbpedia.org/resource/Cristóbal_Montoro	Cristóbal_Montoro
http://dbpedia.org/resource/Onzy_Matthews	Onzy_Matthews
http://dbpedia.org/resource/Jason_Diederich	Jason_Diederich
http://dbpedia.org/resource/Deportes_Iberia	Deportes_Iberia
http://dbpedia.org/resource/Matamoros,_Tamaulipas	Matamoros,_Tamaulipas
http://dbpedia.org/resource/Mario_Grgurović	Mario_Grgurović
http://dbpedia.org/resource/Mansfield_University_of_Pennsylvania	Mansfield_University_of_Pennsylvania
http://dbpedia.org/resource/Magaz_de_Pisuerga	Magaz_de_Pisuerga
http://dbpedia.org/resource/Martí_Crespí	Martí_Crespí
http://dbpedia.org/resource/Al_Udeid_Air_Base	Al_Udeid_Air_Base
http://dbpedia.org/resource/Godwin_Emefiele	Godwin_Emefiele
http://dbpedia.org/resource/Tampico	Tampico
http://dbpedia.org/resource/Julia_Sawalha	Julia_Sawalha
http://dbpedia.org/resource/Al-Ansar_SC	Al-Ansar_SC
http://dbpedia.org/resource/Medellín	Medellín
http://dbpedia.org/resource/U.S._Route_6_in_Iowa	U.S._Route_6_in_Iowa
http://dbpedia.org/resource/Pavel_Horváth	Pavel_Horváth
http://dbpedia.org/resource/Ogden,_Utah	Ogden,_Utah
http://dbpedia.org/resource/Charles_Frank	Charles_Frank
http://dbpedia.org/resource/Henry_County,_Alabama	Henry_County,_Alabama
http://dbpedia.org/resource/Zulvin_Zamrun	Zulvin_Zamrun
http://dbpedia.org/resource/Indiana	Indiana
http://dbpedia.org/resource/Waktu_Rehat	Waktu_Rehat
http://dbpedia.org/resource/Robert_Campbell_(1769–1846)	Robert_Campbell_(1769–1846)
http://dbpedia.org/resource/Persib_Bandung	Persib_Bandung
http://dbpedia.org/resource/Robert_da_Silva_Almeida	Robert_da_Silva_Almeida
http://dbpedia.org/resource/Agonit_Sallaj	Agonit_Sallaj
http://dbpedia.org/resource/Tuggerah,_New_South_Wales	Tuggerah,_New_South_Wales
http://dbpedia.org/resource/Hyacinthe_Deleplace	Hyacinthe_Deleplace
http://dbpedia.org/resource/Peter_Horton	Peter_Horton
http://dbpedia.org/resource/T._H._White	T._H._White
http://dbpedia.org/resource/Florian_Pinteaux	Florian_Pinteaux
http://dbpedia.org/resource/Kevin_Bacon	Kevin_Bacon
http://dbpedia.org/resource/Ipsoot_Lake	Ipsoot_Lake
http://dbpedia.org/resource/Patiparn_Pataweekarn	Patiparn_Pataweekarn
http://dbpedia.org/resource/Zagreb_County	Zagreb_County
http://dbpedia.org/resource/Samuel_Richardson	Samuel_Richardson
http://dbpedia.org/resource/José_Manuel_Ramos_Barroso	José_Manuel_Ramos_Barroso
http://dbpedia.org/resource/Billings,_Montana	Billings,_Montana
http://dbpedia.org/resource/Coras_F.C.	Coras_F.C.
http://dbpedia.org/resource/Gavin_DeBartolo	Gavin_DeBartolo
http://dbpedia.org/resource/Ara_Darzi,_Baron_Darzi_of_Denham	Ara_Darzi,_Baron_Darzi_of_Denham
http://dbpedia.org/resource/Sharon,_Oklahoma	Sharon,_Oklahoma
http://dbpedia.org/resource/Joel_Indermitte	Joel_Indermitte
http://dbpedia.org/resource/Carmina_Virgili	Carmina_Virgili
http://dbpedia.org/resource/Hypatia	Hypatia
http://dbpedia.org/resource/Marcos_Zucker	Marcos_Zucker
http://dbpedia.org/resource/Kokire	Kokire
http://dbpedia.org/resource/Osório_Carvalho	Osório_Carvalho
http://dbpedia.org/resource/Allied_intervention_in_the_Russian_Civil_War	Allied_intervention_in_the_Russian_Civil_War
http://dbpedia.org/resource/Budd_Buster	Budd_Buster
http://dbpedia.org/resource/Hafsia_Herzi	Hafsia_Herzi
http://dbpedia.org/resource/Shai_Biruk	Shai_Biruk
http://dbpedia.org/resource/Samuel_Hales	Samuel_Hales
http://dbpedia.org/resource/RAC_(musician)	RAC_(musician)
http://dbpedia.org/resource/Hartley,_Iowa	Hartley,_Iowa
http://dbpedia.org/resource/WYTU-LD	WYTU-LD
http://dbpedia.org/resource/Ben_Bard	Ben_Bard
http://dbpedia.org/resource/Vicky_Cristina_Barcelona	Vicky_Cristina_Barcelona
http://dbpedia.org/resource/Rodolfo_Jiménez	Rodolfo_Jiménez
http://dbpedia.org/resource/Tarmuwa	Tarmuwa
http://dbpedia.org/resource/Inés_Pertiné_Urien	Inés_Pertiné_Urien
http://dbpedia.org/resource/Mormon_volcanic_field	Mormon_volcanic_field
http://dbpedia.org/resource/Campo,_Corse-du-Sud	Campo,_Corse-du-Sud
http://dbpedia.org/resource/Thrasyvoulos_F.C.	Thrasyvoulos_F.C.
http://dbpedia.org/resource/Michal_Palinek	Michal_Palinek
http://dbpedia.org/resource/Matt_McCarten	Matt_McCarten
http://dbpedia.org/resource/Craig_Thomson_(politician)	Craig_Thomson_(politician)
http://dbpedia.org/resource/Horka_I	Horka_I
http://dbpedia.org/resource/Rocky_Mountain_National_Park	Rocky_Mountain_National_Park
http://dbpedia.org/resource/Jakob_Böhme	Jakob_Böhme
http://dbpedia.org/resource/Dorados_Fuerza_UACH	Dorados_Fuerza_UACH
http://dbpedia.org/resource/Khumsiyah	Khumsiyah
http://dbpedia.org/resource/Tonya_Surman	Tonya_Surman
http://dbpedia.org/resource/Peter_Gergely	Peter_Gergely
http://dbpedia.org/resource/Alexander_Stubb	Alexander_Stubb
http://dbpedia.org/resource/Roman_Catholic_Archdiocese_of_Boston	Roman_Catholic_Archdiocese_of_Boston
http://dbpedia.org/resource/George_Pólya	George_Pólya
http://dbpedia.org/resource/Arthur_Wellesley,_1st_Duke_of_Wellington	Arthur_Wellesley,_1st_Duke_of_Wellington
http://dbpedia.org/resource/Shin_Da-eun	Shin_Da-eun
http://dbpedia.org/resource/Isabel_de_Villena	Isabel_de_Villena
http://dbpedia.org/resource/Coleman,_Texas	Coleman,_Texas
http://dbpedia.org/resource/Piešťany	Piešťany
http://dbpedia.org/resource/Alfred_Thomas_Archimedes_Torbert	Alfred_Thomas_Archimedes_Torbert
http://dbpedia.org/resource/Ralph_Creed_Meredith	Ralph_Creed_Meredith
http://dbpedia.org/resource/Steve_Gohouri	Steve_Gohouri
http://dbpedia.org/resource/Jeb_Bush	Jeb_Bush
http://dbpedia.org/resource/Cuauhtémoc,_Colima	Cuauhtémoc,_Colima
http://dbpedia.org/resource/Arsene_Lupin,_Detective	Arsene_Lupin,_Detective
http://dbpedia.org/resource/Dennis_O'Keefe	Dennis_O'Keefe
http://dbpedia.org/resource/Kirklees	Kirklees
http://dbpedia.org/resource/Mathieu_Kérékou	Mathieu_Kérékou
http://dbpedia.org/resource/Brendan_Hansen_(politician)	Brendan_Hansen_(politician)
http://dbpedia.org/resource/George_Clymer	George_Clymer
http://dbpedia.org/resource/Castilian_Civil_War	Castilian_Civil_War
http://dbpedia.org/resource/Formon,_Les_Cayes,_Haiti	Formon,_Les_Cayes,_Haiti
http://dbpedia.org/resource/Andrew_Little_(New_Zealand_politician)	Andrew_Little_(New_Zealand_politician)
http://dbpedia.org/resource/Shkëlzen_Gashi	Shkëlzen_Gashi
http://dbpedia.org/resource/Boris_Derichebourg	Boris_Derichebourg
http://dbpedia.org/resource/Tom_Chambers_(basketball)	Tom_Chambers_(basketball)
http://dbpedia.org/resource/Dominican_Revolutionary_Party	Dominican_Revolutionary_Party
http://dbpedia.org/resource/José_Joel_González	José_Joel_González
http://dbpedia.org/resource/Marcelo_Espina	Marcelo_Espina
http://dbpedia.org/resource/Tri_Rahmad_Priadi	Tri_Rahmad_Priadi
http://dbpedia.org/resource/Milovan_Đorić	Milovan_Đorić
http://dbpedia.org/resource/Back_Bay,_Boston	Back_Bay,_Boston
http://dbpedia.org/resource/Tony_Leblanc	Tony_Leblanc
http://dbpedia.org/resource/Ricardo_Sánchez_(footballer)	Ricardo_Sánchez_(footballer)
http://dbpedia.org/resource/Andrei_Shleifer	Andrei_Shleifer
http://dbpedia.org/resource/Dawyne_Smith	Dawyne_Smith
http://dbpedia.org/resource/Richard_T._Moore	Richard_T._Moore
http://dbpedia.org/resource/Theofanis_Gekas	Theofanis_Gekas
http://dbpedia.org/resource/Péter_Vörös	Péter_Vörös
http://dbpedia.org/resource/Katie_Tsuyuki	Katie_Tsuyuki
http://dbpedia.org/resource/1st_Croatian_Guards_Corps	1st_Croatian_Guards_Corps
http://dbpedia.org/resource/Nigerian_Army	Nigerian_Army
http://dbpedia.org/resource/Seva,_Barcelona	Seva,_Barcelona
http://dbpedia.org/resource/The_Northwest_Academy	The_Northwest_Academy
http://dbpedia.org/resource/Ricaud,_Aude	Ricaud,_Aude
http://dbpedia.org/resource/Circular_Head_Council	Circular_Head_Council
http://dbpedia.org/resource/Roderick_T._Long	Roderick_T._Long
http://dbpedia.org/resource/Frederica_Wilson	Frederica_Wilson
http://dbpedia.org/resource/Tancanhuitz_de_Santos	Tancanhuitz_de_Santos
http://dbpedia.org/resource/Milan_Pavlović	Milan_Pavlović
http://dbpedia.org/resource/Francisco_de_Távora	Francisco_de_Távora
http://dbpedia.org/resource/Kaled_Gourmi	Kaled_Gourmi
http://dbpedia.org/resource/Fernando_Zappia	Fernando_Zappia
http://dbpedia.org/resource/Fox_Island_School	Fox_Island_School
http://dbpedia.org/resource/Leoš_Petrovský	Leoš_Petrovský
http://dbpedia.org/resource/Julio_César_Miranda	Julio_César_Miranda
http://dbpedia.org/resource/Kenneth_Arrow	Kenneth_Arrow
http://dbpedia.org/resource/Miguel_Ángel_Nieto	Miguel_Ángel_Nieto
http://dbpedia.org/resource/Cheikha_Rimitti	Cheikha_Rimitti
http://dbpedia.org/resource/Russell_Payne_(author)	Russell_Payne_(author)
http://dbpedia.org/resource/Didier_Sornette	Didier_Sornette
http://dbpedia.org/resource/Johann_Georg_Hamann	Johann_Georg_Hamann
http://dbpedia.org/resource/Nikolaos_Plastiras	Nikolaos_Plastiras
http://dbpedia.org/resource/Fabio_Pieters	Fabio_Pieters
http://dbpedia.org/resource/Robert_A._Ficano	Robert_A._Ficano
http://dbpedia.org/resource/Yvonne_de_Gaulle	Yvonne_de_Gaulle
http://dbpedia.org/resource/Efosa_Eguakun	Efosa_Eguakun
http://dbpedia.org/resource/Pape_Sané	Pape_Sané
http://dbpedia.org/resource/Gosan-ri	Gosan-ri
http://dbpedia.org/resource/Esley	Esley
http://dbpedia.org/resource/William_James_Craft	William_James_Craft
http://dbpedia.org/resource/Gilbert_N._Lewis	Gilbert_N._Lewis
http://dbpedia.org/resource/Mía_Maestro	Mía_Maestro
http://dbpedia.org/resource/Thomas_Woods	Thomas_Woods
http://dbpedia.org/resource/Muhammad_Ismail_Rahoo	Muhammad_Ismail_Rahoo
http://dbpedia.org/resource/Monica_Lewis	Monica_Lewis
http://dbpedia.org/resource/Peggy_Cabral	Peggy_Cabral
http://dbpedia.org/resource/Manuel_Blanco_Encalada	Manuel_Blanco_Encalada
http://dbpedia.org/resource/Scotia_Prince_Cruises	Scotia_Prince_Cruises
http://dbpedia.org/resource/Târgu_Jiu	Târgu_Jiu
http://dbpedia.org/resource/David_B._Henderson	David_B._Henderson
http://dbpedia.org/resource/Blair_County,_Pennsylvania	Blair_County,_Pennsylvania
http://dbpedia.org/resource/Czech_Social_Democratic_Party	Czech_Social_Democratic_Party
http://dbpedia.org/resource/Margaret_Larkin	Margaret_Larkin
http://dbpedia.org/resource/Denise_Harlow	Denise_Harlow
http://dbpedia.org/resource/Bobsam_Elejiko	Bobsam_Elejiko
http://dbpedia.org/resource/Bacon,_Ivory_Coast	Bacon,_Ivory_Coast
http://dbpedia.org/resource/Grinnell_College	Grinnell_College
http://dbpedia.org/resource/Trifekta	Trifekta
http://dbpedia.org/resource/Republican_Party_of_Armenia	Republican_Party_of_Armenia
http://dbpedia.org/resource/Emanuel_Villa	Emanuel_Villa
http://dbpedia.org/resource/Shin_Ha-kyun	Shin_Ha-kyun
http://dbpedia.org/resource/Jackson_School_(Enid,_Oklahoma)	Jackson_School_(Enid,_Oklahoma)
http://dbpedia.org/resource/Luka_Cerar	Luka_Cerar
http://dbpedia.org/resource/Carlos_Hugo,_Duke_of_Parma	Carlos_Hugo,_Duke_of_Parma
http://dbpedia.org/resource/Ludlow_(town),_Vermont	Ludlow_(town),_Vermont
http://dbpedia.org/resource/J._Anthony_Brown	J._Anthony_Brown
http://dbpedia.org/resource/Chilchota_Alimentos	Chilchota_Alimentos
http://dbpedia.org/resource/Charles_de_Gaulle_Airport	Charles_de_Gaulle_Airport
http://dbpedia.org/resource/Mary-Anne_Fahey	Mary-Anne_Fahey
http://dbpedia.org/resource/North_Vandergrift,_Pennsylvania	North_Vandergrift,_Pennsylvania
http://dbpedia.org/resource/Luis_Orgaz_Yoldi	Luis_Orgaz_Yoldi
http://dbpedia.org/resource/Gaizka_Saizar	Gaizka_Saizar
http://dbpedia.org/resource/Radisson_Blu_Alcron_Hotel	Radisson_Blu_Alcron_Hotel
http://dbpedia.org/resource/1._FC_Slovácko	1._FC_Slovácko
http://dbpedia.org/resource/Ošupis	Ošupis
http://dbpedia.org/resource/Antrim,_County_Antrim	Antrim,_County_Antrim
http://dbpedia.org/resource/Carroll_County,_Ohio	Carroll_County,_Ohio
http://dbpedia.org/resource/Uni_Air	Uni_Air
http://dbpedia.org/resource/Lenore_Aubert	Lenore_Aubert
http://dbpedia.org/resource/C.R._Caála	C.R._Caála
http://dbpedia.org/resource/Ivica_Vrdoljak	Ivica_Vrdoljak
http://dbpedia.org/resource/Bruce_Henderson	Bruce_Henderson
http://dbpedia.org/resource/Castle_of_Castellar_de_la_Frontera	Castle_of_Castellar_de_la_Frontera
http://dbpedia.org/resource/Dream_High	Dream_High
http://dbpedia.org/resource/Gajan,_Gard	Gajan,_Gard
http://dbpedia.org/resource/Margot_Bennett_(actress)	Margot_Bennett_(actress)
http://dbpedia.org/resource/Greene_County_Courthouse_(Iowa)	Greene_County_Courthouse_(Iowa)
http://dbpedia.org/resource/Fehime_Sultan	Fehime_Sultan
http://dbpedia.org/resource/Albert_Mayaud	Albert_Mayaud
http://dbpedia.org/resource/Tundra_Publishing	Tundra_Publishing
http://dbpedia.org/resource/Gilmer,_Texas	Gilmer,_Texas
http://dbpedia.org/resource/Hrastje,_Kranj	Hrastje,_Kranj
http://dbpedia.org/resource/Kianga,_New_South_Wales	Kianga,_New_South_Wales
http://dbpedia.org/resource/Ma_Ying-jeou	Ma_Ying-jeou
http://dbpedia.org/resource/Didier_Lombard	Didier_Lombard
http://dbpedia.org/resource/Jesús_Barrios	Jesús_Barrios
http://dbpedia.org/resource/Wadi_Musa	Wadi_Musa
http://dbpedia.org/resource/Matenja_Vas	Matenja_Vas
http://dbpedia.org/resource/Zoltán_Szélesi	Zoltán_Szélesi
http://dbpedia.org/resource/Burnum_Burnum	Burnum_Burnum
http://dbpedia.org/resource/Toulouse	Toulouse
http://dbpedia.org/resource/Bholar_Dabri	Bholar_Dabri
http://dbpedia.org/resource/Maria_Caroline_Gibert_de_Lametz	Maria_Caroline_Gibert_de_Lametz
http://dbpedia.org/resource/William_H._West	William_H._West
http://dbpedia.org/resource/John_Scotus_Eriugena	John_Scotus_Eriugena
http://dbpedia.org/resource/Abel_Miguel_Suárez	Abel_Miguel_Suárez
http://dbpedia.org/resource/Bob_Wasserman	Bob_Wasserman
http://dbpedia.org/resource/Charles_VI,_Holy_Roman_Emperor	Charles_VI,_Holy_Roman_Emperor
http://dbpedia.org/resource/Addison_Airport	Addison_Airport
http://dbpedia.org/resource/San_Nicolás,_Buenos_Aires	San_Nicolás,_Buenos_Aires
http://dbpedia.org/resource/Božo_Milić	Božo_Milić
http://dbpedia.org/resource/Black_Sun_Press	Black_Sun_Press
http://dbpedia.org/resource/Šumperk	Šumperk
http://dbpedia.org/resource/Rumoi,_Hokkaido	Rumoi,_Hokkaido
http://dbpedia.org/resource/Saint_Barthélemy	Saint_Barthélemy
http://dbpedia.org/resource/Isabelle_de_Limeuil	Isabelle_de_Limeuil
http://dbpedia.org/resource/Johan_Martial	Johan_Martial
http://dbpedia.org/resource/Sisak-Moslavina_County	Sisak-Moslavina_County
http://dbpedia.org/resource/Norm_Foster_(politician)	Norm_Foster_(politician)
http://dbpedia.org/resource/Ramón_Ramírez_(footballer)	Ramón_Ramírez_(footballer)
http://dbpedia.org/resource/Donald_Hawkins	Donald_Hawkins
http://dbpedia.org/resource/Frederick_Collins_House	Frederick_Collins_House
http://dbpedia.org/resource/Präzer_Höhi	Präzer_Höhi
http://dbpedia.org/resource/Medical_Lake_High_School	Medical_Lake_High_School
http://dbpedia.org/resource/Miloš_Jevđević	Miloš_Jevđević
http://dbpedia.org/resource/Joaquín_Larrivey	Joaquín_Larrivey
http://dbpedia.org/resource/Ferdinand_I_of_Austria	Ferdinand_I_of_Austria
http://dbpedia.org/resource/Ahmed_Akaïchi	Ahmed_Akaïchi
http://dbpedia.org/resource/Marius_Papšys	Marius_Papšys
http://dbpedia.org/resource/Ken_Matsumoto	Ken_Matsumoto
http://dbpedia.org/resource/Johan_Verweij	Johan_Verweij
http://dbpedia.org/resource/Fire_Records_(Pakistan)	Fire_Records_(Pakistan)
http://dbpedia.org/resource/Hailemariam_Desalegn	Hailemariam_Desalegn
http://dbpedia.org/resource/Ángel_Javier_Arizmendi	Ángel_Javier_Arizmendi
http://dbpedia.org/resource/Dermot_Ahern	Dermot_Ahern
http://dbpedia.org/resource/P._A._P._Moran	P._A._P._Moran
http://dbpedia.org/resource/Logan_Township,_Blair_County,_Pennsylvania	Logan_Township,_Blair_County,_Pennsylvania
http://dbpedia.org/resource/Adolfo_Rodríguez_Saá	Adolfo_Rodríguez_Saá
http://dbpedia.org/resource/Tebor_Brosch	Tebor_Brosch
http://dbpedia.org/resource/Frederick_the_Great	Frederick_the_Great
http://dbpedia.org/resource/Norm_Jensen	Norm_Jensen
http://dbpedia.org/resource/Ruottala	Ruottala
http://dbpedia.org/resource/Richard_Medlin	Richard_Medlin
http://dbpedia.org/resource/New_Territory,_Texas	New_Territory,_Texas
http://dbpedia.org/resource/Lac_du_Cinto	Lac_du_Cinto
http://dbpedia.org/resource/Siege_of_Carrigafoyle_Castle	Siege_of_Carrigafoyle_Castle
http://dbpedia.org/resource/Back_Young-chul	Back_Young-chul
http://dbpedia.org/resource/South_Carolina_Bar	South_Carolina_Bar
http://dbpedia.org/resource/John_Irwin_(baseball)	John_Irwin_(baseball)
